codigoSecuencialCliente,codigoPeriodo,codigoIdentificacionCliente,tipoIdentificacionCliente,numeroIdentificacionCliente,nombreCompletoCliente,correoElectronicoCliente,telefonoCliente,segmentoCliente,scoreCrediticioCliente,provinciaCliente,ciudadCliente,fechaRegistroCliente,periodo,fechaIngesta
1000,202602,CUS-00001,CÉDULA,5080432512,ALBERTO LAUREANO GUEVARA,maresleonel@hotmail.com,(513)534-6554x94717,WEALTH,584,GUAYAS,GUAYAQUIL,2024-12-26,2026-02-21,2026-02-21 19:17:59.877054
1001,202602,CUS-00002,PASAPORTE,P48197146,CLARA BENJAMÍN TREJO,asotelo@yahoo.com,+99(9)1738168460,CORPORATIVO,495,GUAYAS,GUAYAQUIL,2022-05-22,2026-02-21,2026-02-21 19:17:59.877054
1002,202602,CUS-00003,CÉDULA,7050104985,ROSA PICHARDO APARICIO,castilloilse@hotmail.com,235-697-2521,CORPORATIVO,606,MANABÍ,MANTA,2023-06-29,2026-02-21,2026-02-21 19:17:59.877054
1003,202602,CUS-00004,CÉDULA,0018204650,AURELIO GAMEZ GONZALES,rasconmartha@hotmail.com,525.007.4329x271,WEALTH,963,LOJA,QUITO,2023-01-04,2026-02-21,2026-02-21 19:17:59.877054
1004,202602,CUS-00005,CÉDULA,4452464449,ING. ALDONZA VALENTÍN,carolina89@gmail.com,966-667-6008,WEALTH,313,GUAYAS,CUENCA,2022-12-17,2026-02-21,2026-02-21 19:17:59.877054
1005,202602,CUS-00006,CÉDULA,9204802300,VIOLETA PATRICIO PEREA,magdalenasandoval@gmail.com,1-505-830-0335,WEALTH,445,PICHINCHA,QUITO,2025-08-08,2026-02-21,2026-02-21 19:17:59.877054
1006,202602,CUS-00007,CÉDULA,7176991552,MARISOL ROLANDO LEDESMA,sisneroscristian@yahoo.com,(216)894-2104,PYME,356,PICHINCHA,MANTA,2023-10-28,2026-02-21,2026-02-21 19:17:59.877054
1007,202602,CUS-00008,RUC,1054806441001,CRISTOBAL PICHARDO MOLINA,cynthiamedrano@hotmail.com,(789)856-2575,WEALTH,509,LOJA,QUITO,2022-06-27,2026-02-21,2026-02-21 19:17:59.877054
1008,202602,CUS-00009,CÉDULA,2651511121,CRISTAL ESMERALDA MIRAMONTES CANALES,javiersolano@yahoo.com,1-260-332-3098,RETAIL,828,LOJA,MANTA,2026-02-01,2026-02-21,2026-02-21 19:17:59.877054
1009,202602,CUS-00010,CÉDULA,3850769204,JUAN CALDERÓN MUÑOZ,henriquezelsa@hotmail.com,(150)648-9090,CORPORATIVO,643,MANABÍ,GUAYAQUIL,2024-06-03,2026-02-21,2026-02-21 19:17:59.877054
1010,202602,CUS-00011,CÉDULA,3970903741,SALMA GABINO ARMAS RICO,carmen49@hotmail.com,(100)167-6184x72304,WEALTH,910,AZUAY,CUENCA,2023-05-03,2026-02-21,2026-02-21 19:17:59.877054
1011,202602,CUS-00012,PASAPORTE,P54128665,SR(A). JOSÉ MARÍA BERRÍOS,sandovaltomas@gmail.com,(184)992-6189x141,WEALTH,578,PICHINCHA,GUAYAQUIL,2021-11-02,2026-02-21,2026-02-21 19:17:59.877054
1012,202602,CUS-00013,RUC,7373782219001,MTRO. SOLEDAD NÁJERA,davidzedillo@yahoo.com,07393483564,PYME,508,LOJA,QUITO,2024-11-15,2026-02-21,2026-02-21 19:17:59.877054
1013,202602,CUS-00014,CÉDULA,2244195450,DR. ÁNGELA ARMENTA,anayaariadna@gmail.com,(087)375-3001,PYME,940,PICHINCHA,GUAYAQUIL,2021-03-02,2026-02-21,2026-02-21 19:17:59.877054
1014,202602,CUS-00015,CÉDULA,4891098988,GREGORIO ARCELIA GONZALES,uriel39@yahoo.com,09721811437,CORPORATIVO,634,LOJA,CUENCA,2025-07-23,2026-02-21,2026-02-21 19:17:59.877054
1015,202602,CUS-00016,CÉDULA,5709307023,JUAN LEDESMA RENDÓN,salinassoledad@hotmail.com,(470)120-4556,RETAIL,587,GUAYAS,GUAYAQUIL,2024-09-07,2026-02-21,2026-02-21 19:17:59.877054
1016,202602,CUS-00017,CÉDULA,7596719726,DALIA JOSÉ EDUARDO MOTA FUENTES,tomas47@gmail.com,110.022.5579x41552,CORPORATIVO,551,PICHINCHA,CUENCA,2021-09-10,2026-02-21,2026-02-21 19:17:59.877054
1017,202602,CUS-00018,CÉDULA,2619522864,VICENTE ANGÉLICA DE LA TORRE TEJEDA,dluevano@gmail.com,06674676212,WEALTH,564,GUAYAS,CUENCA,2022-07-25,2026-02-21,2026-02-21 19:17:59.877054
1018,202602,CUS-00019,CÉDULA,9680659803,DALIA MARÍA TERESA OJEDA,cottomarcos@yahoo.com,1-021-697-9729x65902,RETAIL,570,PICHINCHA,GUAYAQUIL,2021-10-22,2026-02-21,2026-02-21 19:17:59.877054
1019,202602,CUS-00020,CÉDULA,8392813517,TIMOTEO PORFIRIO GAONA MELÉNDEZ,nrivera@yahoo.com,716.701.4508x993,RETAIL,999,AZUAY,MANTA,2023-03-31,2026-02-21,2026-02-21 19:17:59.877054
1020,202602,CUS-00021,CÉDULA,7029845391,ESTELA APARICIO MATA,humbertomatos@hotmail.com,(588)916-3756x28900,RETAIL,718,MANABÍ,QUITO,2022-10-18,2026-02-21,2026-02-21 19:17:59.877054
1021,202602,CUS-00022,CÉDULA,7548045455,GABRIEL BARRAZA,leonor25@hotmail.com,287-721-7535x40838,RETAIL,510,GUAYAS,MANTA,2021-04-18,2026-02-21,2026-02-21 19:17:59.877054
1022,202602,CUS-00023,CÉDULA,6376862274,RAQUEL IGNACIO GALINDO,matosfabiola@yahoo.com,663-177-9717x75170,CORPORATIVO,664,LOJA,MANTA,2024-06-21,2026-02-21,2026-02-21 19:17:59.877054
1023,202602,CUS-00024,CÉDULA,3751335507,LEONARDO REYNOSO,jaramillomaria-del-carmen@gmail.com,06608801994,PYME,375,AZUAY,GUAYAQUIL,2025-11-18,2026-02-21,2026-02-21 19:17:59.877054
1024,202602,CUS-00025,CÉDULA,5281792459,GABINO CLARA GURULE,beatrizarteaga@yahoo.com,837-550-3758x9975,PYME,959,PICHINCHA,QUITO,2025-12-09,2026-02-21,2026-02-21 19:17:59.877054
1025,202602,CUS-00026,CÉDULA,5323030095,ING. FRIDA VIERA,pperalta@gmail.com,1-711-305-5488x51027,WEALTH,620,GUAYAS,QUITO,2026-01-20,2026-02-21,2026-02-21 19:17:59.877054
1026,202602,CUS-00027,CÉDULA,4320517946,RODOLFO OZUNA,reynaldo53@gmail.com,614-933-1637,PYME,732,PICHINCHA,MANTA,2021-09-25,2026-02-21,2026-02-21 19:17:59.877054
1027,202602,CUS-00028,CÉDULA,9171304808,ESTEFANÍA CITLALI SAUCEDO SALCIDO,dserrato@yahoo.com,1-516-091-7798,PYME,408,PICHINCHA,GUAYAQUIL,2023-08-02,2026-02-21,2026-02-21 19:17:59.877054
1028,202602,CUS-00029,CÉDULA,7562041478,AMANDA CARMONA CORRAL,miriam01@yahoo.com,708-086-9782,PYME,940,PICHINCHA,QUITO,2023-08-14,2026-02-21,2026-02-21 19:17:59.877054
1029,202602,CUS-00030,CÉDULA,1220757842,LUISA RUBÉN BARELA,nguajardo@hotmail.com,1-922-169-9586x69346,PYME,821,MANABÍ,MANTA,2024-07-19,2026-02-21,2026-02-21 19:17:59.877054
1030,202602,CUS-00031,CÉDULA,4442938981,JUANA YBARRA,amanda04@yahoo.com,1-472-269-8485,WEALTH,346,MANABÍ,QUITO,2021-10-10,2026-02-21,2026-02-21 19:17:59.877054
1031,202602,CUS-00032,CÉDULA,7767250608,ÓLIVER HEREDIA,ilira@gmail.com,1-833-394-5228x85158,CORPORATIVO,678,LOJA,GUAYAQUIL,2024-11-23,2026-02-21,2026-02-21 19:17:59.877054
1032,202602,CUS-00033,CÉDULA,0061477262,SR(A). CAMILA TERÁN,pradocecilia@yahoo.com,996.846.0810x620,RETAIL,395,GUAYAS,GUAYAQUIL,2025-01-15,2026-02-21,2026-02-21 19:17:59.877054
1033,202602,CUS-00034,RUC,5526279303001,TOMÁS JACINTO CARRASCO LOZADA,karina50@yahoo.com,(034)244-2043x80571,PYME,402,AZUAY,GUAYAQUIL,2023-02-20,2026-02-21,2026-02-21 19:17:59.877054
1034,202602,CUS-00035,PASAPORTE,P63580460,CRISTINA RENDÓN,vargasramiro@gmail.com,838.638.4066x6580,CORPORATIVO,445,AZUAY,QUITO,2024-10-08,2026-02-21,2026-02-21 19:17:59.877054
1035,202602,CUS-00036,RUC,3519490553001,FRIDA SANCHES DOMÍNGUEZ,perla41@yahoo.com,+43(9)7359893347,PYME,326,AZUAY,CUENCA,2024-11-06,2026-02-21,2026-02-21 19:17:59.877054
1036,202602,CUS-00037,CÉDULA,7377431223,SR(A). SOCORRO LUGO,rurbina@hotmail.com,(122)816-0648,PYME,829,PICHINCHA,QUITO,2025-04-08,2026-02-21,2026-02-21 19:17:59.877054
1037,202602,CUS-00038,CÉDULA,3943975576,ING. ELVIA CORRAL,cazaresbeatriz@yahoo.com,229-405-7202,RETAIL,978,MANABÍ,CUENCA,2021-10-18,2026-02-21,2026-02-21 19:17:59.877054
1038,202602,CUS-00039,CÉDULA,9971807334,CYNTHIA PAOLA TAMEZ ABREGO,ivonne85@gmail.com,1-909-479-8515,RETAIL,381,GUAYAS,GUAYAQUIL,2025-12-05,2026-02-21,2026-02-21 19:17:59.877054
1039,202602,CUS-00040,CÉDULA,7479098527,MTRO. MINERVA ALMARAZ,salvadorsaucedo@yahoo.com,328-182-6886x1533,RETAIL,727,PICHINCHA,MANTA,2025-02-07,2026-02-21,2026-02-21 19:17:59.877054
1040,202602,CUS-00041,CÉDULA,8560449356,JOS MALDONADO GRIJALVA,armentaalfonso@gmail.com,(555)439-8780x15739,PYME,883,MANABÍ,CUENCA,2021-10-08,2026-02-21,2026-02-21 19:17:59.877054
1041,202602,CUS-00042,CÉDULA,8056274848,FABIOLA VALVERDE BERRÍOS,mario87@gmail.com,305.616.4840x8588,PYME,778,MANABÍ,GUAYAQUIL,2022-11-10,2026-02-21,2026-02-21 19:17:59.877054
1042,202602,CUS-00043,CÉDULA,9384982389,MERCEDES BARRIENTOS TEJADA,itzelmatos@gmail.com,1-704-358-1128x801,PYME,461,GUAYAS,GUAYAQUIL,2021-03-16,2026-02-21,2026-02-21 19:17:59.877054
1043,202602,CUS-00044,RUC,5161102578001,CAROLINA VICTORIA ROLDÁN,lluna@yahoo.com,1-361-386-1207,RETAIL,701,GUAYAS,CUENCA,2024-07-24,2026-02-21,2026-02-21 19:17:59.877054
1044,202602,CUS-00045,CÉDULA,6354700591,DR. GABINO SUÁREZ,tvalladares@yahoo.com,1-501-102-4819x34667,WEALTH,807,GUAYAS,MANTA,2021-05-26,2026-02-21,2026-02-21 19:17:59.877054
1045,202602,CUS-00046,CÉDULA,4060380355,LIC. ERIC TIRADO,negreteisabel@hotmail.com,665-061-8091x90158,CORPORATIVO,337,PICHINCHA,GUAYAQUIL,2025-04-16,2026-02-21,2026-02-21 19:17:59.877054
1046,202602,CUS-00047,CÉDULA,7060627207,HUGO LEONOR NIÑO,penarodolfo@yahoo.com,04491476607,WEALTH,810,LOJA,CUENCA,2023-04-15,2026-02-21,2026-02-21 19:17:59.877054
1047,202602,CUS-00048,CÉDULA,2102115015,NOEMÍ RAZO,zambranomario@yahoo.com,(832)684-2450,PYME,692,GUAYAS,MANTA,2024-02-15,2026-02-21,2026-02-21 19:17:59.877054
1048,202602,CUS-00049,CÉDULA,2307662992,FERNANDO GARZA BARELA,ameliavergara@yahoo.com,(821)009-9688x1435,PYME,793,LOJA,MANTA,2021-03-06,2026-02-21,2026-02-21 19:17:59.877054
1049,202602,CUS-00050,CÉDULA,1066167086,ALEJANDRA ROLANDO URRUTIA GODÍNEZ,ofeliaolivares@gmail.com,1-682-223-9431,WEALTH,499,PICHINCHA,GUAYAQUIL,2023-07-17,2026-02-21,2026-02-21 19:17:59.877054
1050,202602,CUS-00051,PASAPORTE,P27675842,DR. ABRAHAM BATISTA,alonsovega@hotmail.com,(908)781-4141,PYME,554,LOJA,QUITO,2022-07-20,2026-02-21,2026-02-21 19:17:59.877054
1051,202602,CUS-00052,CÉDULA,2071277334,ESTELA BARRETO APARICIO,espinoaida@yahoo.com,1-975-523-1491,CORPORATIVO,478,AZUAY,QUITO,2021-07-20,2026-02-21,2026-02-21 19:17:59.877054
1052,202602,CUS-00053,RUC,5461696064001,ANGÉLICA NOELIA GRANADOS LEIVA,lourdes26@hotmail.com,1-577-594-9299,PYME,846,LOJA,GUAYAQUIL,2023-04-14,2026-02-21,2026-02-21 19:17:59.877054
1053,202602,CUS-00054,RUC,2231104391001,ERNESTO TIRADO,liliasanchez@hotmail.com,562.053.3645,CORPORATIVO,893,GUAYAS,MANTA,2024-03-24,2026-02-21,2026-02-21 19:17:59.877054
1054,202602,CUS-00055,CÉDULA,2663445814,REINA REYNALDO ROJAS,tbanuelos@gmail.com,577-754-7812,WEALTH,688,PICHINCHA,GUAYAQUIL,2024-10-14,2026-02-21,2026-02-21 19:17:59.877054
1055,202602,CUS-00056,RUC,2395709760001,MARIO LORENZO ESPINAL,ramiromelendez@hotmail.com,914-283-4110x80996,WEALTH,697,GUAYAS,CUENCA,2022-01-27,2026-02-21,2026-02-21 19:17:59.877054
1056,202602,CUS-00057,CÉDULA,1208718685,BEATRIZ PRADO MORENO,ysotelo@yahoo.com,1-308-488-7256x3942,PYME,457,AZUAY,QUITO,2022-07-18,2026-02-21,2026-02-21 19:17:59.877054
1057,202602,CUS-00058,CÉDULA,5399164514,LILIA ROBLES,maria-luisatejada@yahoo.com,1-881-658-0392x827,CORPORATIVO,303,GUAYAS,CUENCA,2021-09-18,2026-02-21,2026-02-21 19:17:59.877054
1058,202602,CUS-00059,CÉDULA,9385104859,ZACARÍAS CALVILLO BALLESTEROS,zoe49@yahoo.com,(299)275-0373,PYME,466,GUAYAS,GUAYAQUIL,2022-06-16,2026-02-21,2026-02-21 19:17:59.877054
1059,202602,CUS-00060,CÉDULA,6495485718,IVONNE CARDONA,fernandoleiva@hotmail.com,04530385677,RETAIL,767,GUAYAS,GUAYAQUIL,2024-08-23,2026-02-21,2026-02-21 19:17:59.877054
1060,202602,CUS-00061,CÉDULA,4690949150,ELISA ELIAS TERÁN,espartaco44@hotmail.com,+05(1)8449892665,RETAIL,708,MANABÍ,MANTA,2024-06-21,2026-02-21,2026-02-21 19:17:59.877054
1061,202602,CUS-00062,CÉDULA,2432947306,CLARA PICHARDO,minervamateo@yahoo.com,1-184-638-6557x7908,RETAIL,711,AZUAY,MANTA,2023-04-15,2026-02-21,2026-02-21 19:17:59.877054
1062,202602,CUS-00063,RUC,7251675547001,GERMÁN MARÍA TERESA HARO,rafael44@gmail.com,723-184-3222,RETAIL,503,GUAYAS,MANTA,2023-07-05,2026-02-21,2026-02-21 19:17:59.877054
1063,202602,CUS-00064,CÉDULA,0933223018,MARGARITA URBINA CALVILLO,wortega@gmail.com,913.651.7773,PYME,493,GUAYAS,CUENCA,2025-01-20,2026-02-21,2026-02-21 19:17:59.877054
1064,202602,CUS-00065,CÉDULA,9148870087,URIEL TOLEDO ALEJANDRO,alma41@yahoo.com,1-260-302-9922x8092,RETAIL,534,GUAYAS,MANTA,2021-08-27,2026-02-21,2026-02-21 19:17:59.877054
1065,202602,CUS-00066,CÉDULA,9862214251,EVA DE LA CRÚZ PALOMO,vhidalgo@yahoo.com,+24(2)8699041379,CORPORATIVO,449,PICHINCHA,GUAYAQUIL,2024-10-16,2026-02-21,2026-02-21 19:17:59.877054
1066,202602,CUS-00067,CÉDULA,2400986072,MAURICIO GALLARDO,eloytijerina@yahoo.com,723.692.9298x425,WEALTH,458,MANABÍ,MANTA,2024-03-12,2026-02-21,2026-02-21 19:17:59.877054
1067,202602,CUS-00068,RUC,7406455781001,ANA MARÍA DE ANDA,citlali19@hotmail.com,1-991-366-2103x886,WEALTH,578,PICHINCHA,QUITO,2022-01-30,2026-02-21,2026-02-21 19:17:59.877054
1068,202602,CUS-00069,CÉDULA,8989960694,ABELARDO ORELLANA,federicoarteaga@hotmail.com,912-799-0881,RETAIL,703,MANABÍ,MANTA,2025-05-31,2026-02-21,2026-02-21 19:17:59.877054
1069,202602,CUS-00070,PASAPORTE,P59646827,MARÍA ELENA GONZALO PIÑA VALADEZ,teodorogonzales@gmail.com,07298068650,RETAIL,977,GUAYAS,CUENCA,2024-04-14,2026-02-21,2026-02-21 19:17:59.877054
1070,202602,CUS-00071,CÉDULA,1613621960,CRISTAL ESPINAL,pedrazaisabel@hotmail.com,1-863-765-9916x24731,RETAIL,610,AZUAY,QUITO,2021-11-18,2026-02-21,2026-02-21 19:17:59.877054
1071,202602,CUS-00072,CÉDULA,7212479666,ESTEBAN ANA LUISA VENEGAS TORRES,rcamarillo@gmail.com,(986)430-0981,PYME,367,LOJA,QUITO,2021-09-28,2026-02-21,2026-02-21 19:17:59.877054
1072,202602,CUS-00073,CÉDULA,7035810916,HUMBERTO BÁEZ ARTEAGA,urbinacristina@yahoo.com,063-565-1269x4486,WEALTH,762,LOJA,QUITO,2023-02-23,2026-02-21,2026-02-21 19:17:59.877054
1073,202602,CUS-00074,RUC,2916126304001,LIC. NADIA TAMEZ,promero@gmail.com,1-594-636-8872x5887,RETAIL,387,GUAYAS,CUENCA,2022-07-05,2026-02-21,2026-02-21 19:17:59.877054
1074,202602,CUS-00075,CÉDULA,8789863400,ANA LUISA NANCY BLANCO,ines40@gmail.com,495-621-3721,CORPORATIVO,516,PICHINCHA,GUAYAQUIL,2022-02-06,2026-02-21,2026-02-21 19:17:59.877054
1075,202602,CUS-00076,CÉDULA,2713148048,ÁNGELA ROSARIO BARRETO,oswaldoarchuleta@gmail.com,1-865-890-2601,RETAIL,300,AZUAY,MANTA,2021-11-14,2026-02-21,2026-02-21 19:17:59.877054
1076,202602,CUS-00077,CÉDULA,0873944567,KARINA CARLA VARGAS,cdel-valle@yahoo.com,796-114-3519,WEALTH,434,MANABÍ,QUITO,2021-03-24,2026-02-21,2026-02-21 19:17:59.877054
1077,202602,CUS-00078,CÉDULA,7186337354,RICARDO ROSARIO ARENAS,vescamilla@yahoo.com,+66(9)8490277038,RETAIL,996,GUAYAS,QUITO,2022-02-19,2026-02-21,2026-02-21 19:17:59.877054
1078,202602,CUS-00079,CÉDULA,2918980927,SR(A). LOURDES VERGARA,aguirrehector@hotmail.com,(309)883-9205,WEALTH,650,AZUAY,QUITO,2025-06-18,2026-02-21,2026-02-21 19:17:59.877054
1079,202602,CUS-00080,CÉDULA,5445608239,ING. IGNACIO IBARRA,mezagloria@yahoo.com,021.465.6693,RETAIL,439,AZUAY,GUAYAQUIL,2023-01-15,2026-02-21,2026-02-21 19:17:59.877054
1080,202602,CUS-00081,RUC,0921107225001,YOLANDA HUMBERTO GRIEGO,gcervantes@yahoo.com,011-848-9554x3937,CORPORATIVO,917,MANABÍ,GUAYAQUIL,2023-10-07,2026-02-21,2026-02-21 19:17:59.877054
1081,202602,CUS-00082,CÉDULA,7883418728,LEONARDO CÉSAR MACÍAS REYNA,elisa15@gmail.com,904-268-1818x451,RETAIL,432,AZUAY,CUENCA,2024-08-22,2026-02-21,2026-02-21 19:17:59.877054
1082,202602,CUS-00083,CÉDULA,2819878417,ANTONIA ABRIL REYNOSO VALLADARES,thinojosa@gmail.com,489-476-9735x7790,CORPORATIVO,919,PICHINCHA,GUAYAQUIL,2026-01-15,2026-02-21,2026-02-21 19:17:59.877054
1083,202602,CUS-00084,CÉDULA,5749154401,ANTONIA TERRAZAS GALLARDO,mirandagustavo@hotmail.com,141.633.5658x804,CORPORATIVO,477,PICHINCHA,MANTA,2022-04-01,2026-02-21,2026-02-21 19:17:59.877054
1084,202602,CUS-00085,CÉDULA,7292771705,MTRO. CÉSAR MONTES,deliapalomino@yahoo.com,416.518.2755,RETAIL,657,PICHINCHA,CUENCA,2023-04-09,2026-02-21,2026-02-21 19:17:59.877054
1085,202602,CUS-00086,CÉDULA,7270884935,FELIPE NEGRÓN LINARES,asuncion61@gmail.com,1-942-373-3343,CORPORATIVO,679,AZUAY,CUENCA,2021-06-12,2026-02-21,2026-02-21 19:17:59.877054
1086,202602,CUS-00087,CÉDULA,6498269946,MARCELA PAMELA MADRID,mateomejia@gmail.com,339.521.1179,PYME,957,PICHINCHA,MANTA,2023-04-11,2026-02-21,2026-02-21 19:17:59.877054
1087,202602,CUS-00088,CÉDULA,1316108071,ING. ABRIL URRUTIA,ibarrajuan-carlos@gmail.com,+80(7)5957947284,RETAIL,749,MANABÍ,MANTA,2021-05-25,2026-02-21,2026-02-21 19:17:59.877054
1088,202602,CUS-00089,RUC,7252698145001,WILFRIDO BERNARDO CERVANTES JAIME,vjaramillo@yahoo.com,392-086-7808x562,RETAIL,885,AZUAY,MANTA,2021-09-09,2026-02-21,2026-02-21 19:17:59.877054
1089,202602,CUS-00090,CÉDULA,3331305095,BERNABÉ URIBE CORTÉS,ibarraursula@yahoo.com,1-187-500-3691x559,CORPORATIVO,762,LOJA,CUENCA,2022-12-16,2026-02-21,2026-02-21 19:17:59.877054
1090,202602,CUS-00091,CÉDULA,0597113236,GUILLERMINA SALMA GAITÁN MONTALVO,anelcasanova@yahoo.com,284-347-9552,CORPORATIVO,407,AZUAY,CUENCA,2025-11-08,2026-02-21,2026-02-21 19:17:59.877054
1091,202602,CUS-00092,CÉDULA,0529691130,TANIA GABINO SANTIAGO,cristobal68@hotmail.com,636.556.4729x293,RETAIL,421,MANABÍ,CUENCA,2024-09-12,2026-02-21,2026-02-21 19:17:59.877054
1092,202602,CUS-00093,CÉDULA,2866313520,FIDEL ÁVALOS,caridad45@hotmail.com,04386632270,PYME,316,LOJA,MANTA,2022-05-17,2026-02-21,2026-02-21 19:17:59.877054
1093,202602,CUS-00094,CÉDULA,7443528420,TANIA PIÑA LEBRÓN,estefaniacepeda@yahoo.com,(672)885-7448,CORPORATIVO,495,AZUAY,MANTA,2025-08-13,2026-02-21,2026-02-21 19:17:59.877054
1094,202602,CUS-00095,CÉDULA,9512087178,ABELARDO MERINO CEDILLO,maria-elenazelaya@yahoo.com,1-061-203-4717x5455,CORPORATIVO,626,PICHINCHA,QUITO,2022-01-18,2026-02-21,2026-02-21 19:17:59.877054
1095,202602,CUS-00096,CÉDULA,0471362479,CYNTHIA MARGARITA UREÑA PONCE,eulloa@hotmail.com,(845)061-5939x9824,WEALTH,617,GUAYAS,GUAYAQUIL,2021-02-20,2026-02-21,2026-02-21 19:17:59.877054
1096,202602,CUS-00097,CÉDULA,2386033858,SR(A). BRUNO BENÍTEZ,fernandoybarra@gmail.com,587.716.9472,PYME,778,GUAYAS,QUITO,2024-06-10,2026-02-21,2026-02-21 19:17:59.877054
1097,202602,CUS-00098,CÉDULA,5544177074,PATRICIO ALEJANDRO NEGRÓN,tsuarez@yahoo.com,(569)961-1253,PYME,551,PICHINCHA,MANTA,2022-09-30,2026-02-21,2026-02-21 19:17:59.877054
1098,202602,CUS-00099,CÉDULA,1158058752,ING. CONCEPCIÓN POSADA,vallebruno@gmail.com,1-544-964-7598,RETAIL,802,GUAYAS,CUENCA,2022-07-26,2026-02-21,2026-02-21 19:17:59.877054
1099,202602,CUS-00100,CÉDULA,7808553097,ALMA HOMERO NAVA,renatoteran@gmail.com,1-622-023-4132x611,PYME,418,GUAYAS,MANTA,2022-07-16,2026-02-21,2026-02-21 19:17:59.877054
1100,202602,CUS-00101,CÉDULA,1010080395,JORGE GAITÁN HARO,itzelsolis@yahoo.com,07800681149,RETAIL,973,PICHINCHA,GUAYAQUIL,2024-03-04,2026-02-21,2026-02-21 19:17:59.877054
1101,202602,CUS-00102,CÉDULA,6156991196,JOAQUÍN VALENCIA PALOMO,florezrodolfo@yahoo.com,164-334-7228,WEALTH,797,PICHINCHA,QUITO,2023-04-18,2026-02-21,2026-02-21 19:17:59.877054
1102,202602,CUS-00103,CÉDULA,0725858681,DR. EVA CURIEL,segoviamarisela@gmail.com,(005)577-8487,PYME,785,AZUAY,QUITO,2022-05-26,2026-02-21,2026-02-21 19:17:59.877054
1103,202602,CUS-00104,CÉDULA,7713633595,LILIANA ALBERTO DUARTE,gcenteno@yahoo.com,829-979-6884,CORPORATIVO,344,AZUAY,CUENCA,2023-08-06,2026-02-21,2026-02-21 19:17:59.877054
1104,202602,CUS-00105,RUC,9289156829001,LILIA YOLANDA GUZMÁN JARAMILLO,dvalle@hotmail.com,783.174.5642,WEALTH,613,PICHINCHA,QUITO,2022-10-23,2026-02-21,2026-02-21 19:17:59.877054
1105,202602,CUS-00106,CÉDULA,2637646215,BIANCA JUANA ARELLANO,umanzanares@gmail.com,(008)254-7807,RETAIL,478,MANABÍ,QUITO,2021-09-11,2026-02-21,2026-02-21 19:17:59.877054
1106,202602,CUS-00107,CÉDULA,1254782922,ESTELA FELICIANO,ahernandez@hotmail.com,406.493.0853x686,WEALTH,717,GUAYAS,MANTA,2024-06-26,2026-02-21,2026-02-21 19:17:59.877054
1107,202602,CUS-00108,CÉDULA,5060497343,JERÓNIMO MAGAÑA,ricardobeltran@gmail.com,326-634-1638x944,RETAIL,855,AZUAY,QUITO,2024-07-21,2026-02-21,2026-02-21 19:17:59.877054
1108,202602,CUS-00109,CÉDULA,3710283941,ESPARTA ALBERTO ESPINOZA,smontanez@gmail.com,846-312-2417x97497,WEALTH,377,GUAYAS,QUITO,2024-12-28,2026-02-21,2026-02-21 19:17:59.877054
1109,202602,CUS-00110,CÉDULA,3113569229,ISAAC LEIVA,barrientosmariana@gmail.com,1-502-080-2144,RETAIL,625,LOJA,QUITO,2021-10-16,2026-02-21,2026-02-21 19:17:59.877054
1110,202602,CUS-00111,CÉDULA,5217402973,GERMÁN MONTOYA SAUCEDO,lucas22@hotmail.com,703-120-7356,PYME,989,PICHINCHA,CUENCA,2022-12-10,2026-02-21,2026-02-21 19:17:59.877054
1111,202602,CUS-00112,CÉDULA,6916445857,OMAR MERAZ,ynoriega@yahoo.com,(757)051-2046,CORPORATIVO,656,MANABÍ,CUENCA,2025-03-10,2026-02-21,2026-02-21 19:17:59.877054
1112,202602,CUS-00113,RUC,6831650881001,CAMILO IBARRA DOMÍNGUEZ,fnunez@hotmail.com,08723460136,RETAIL,715,LOJA,MANTA,2024-11-08,2026-02-21,2026-02-21 19:17:59.877054
1113,202602,CUS-00114,RUC,2440773692001,MTRO. ALFONSO CARDONA,ursulamontero@gmail.com,1-303-718-3764x520,WEALTH,814,LOJA,QUITO,2024-01-31,2026-02-21,2026-02-21 19:17:59.877054
1114,202602,CUS-00115,CÉDULA,5998043708,LIC. JAIME MARTÍNEZ,pabloorozco@hotmail.com,881.474.3503x13650,RETAIL,513,LOJA,CUENCA,2024-02-29,2026-02-21,2026-02-21 19:17:59.877054
1115,202602,CUS-00116,RUC,5384440077001,SAMUEL SEGURA,espartaacosta@gmail.com,(491)630-0979,RETAIL,373,PICHINCHA,CUENCA,2022-05-01,2026-02-21,2026-02-21 19:17:59.877054
1116,202602,CUS-00117,RUC,5311843906001,JUDITH VELÁZQUEZ ESPINAL,marisol86@hotmail.com,513-271-9500,RETAIL,862,AZUAY,MANTA,2022-07-09,2026-02-21,2026-02-21 19:17:59.877054
1117,202602,CUS-00118,CÉDULA,2544400293,ALVARO MARCO ANTONIO ABREU SOLÍS,pgodinez@yahoo.com,281.273.5857,WEALTH,878,PICHINCHA,GUAYAQUIL,2024-01-23,2026-02-21,2026-02-21 19:17:59.877054
1118,202602,CUS-00119,RUC,4171818671001,DR. JOSÉ PRADO,cristal43@hotmail.com,306.524.0778x48739,CORPORATIVO,808,AZUAY,QUITO,2021-07-29,2026-02-21,2026-02-21 19:17:59.877054
1119,202602,CUS-00120,CÉDULA,6536319671,WENDOLIN MENÉNDEZ MARTÍNEZ,apariciovirginia@yahoo.com,(855)749-8218,PYME,631,LOJA,CUENCA,2021-09-02,2026-02-21,2026-02-21 19:17:59.877054
1120,202602,CUS-00121,RUC,4067545106001,HELENA SARABIA MARES,guajardoemiliano@gmail.com,744-857-0862,CORPORATIVO,392,LOJA,MANTA,2024-04-15,2026-02-21,2026-02-21 19:17:59.877054
1121,202602,CUS-00122,RUC,6991109770001,ITZEL PADRÓN,villegasaldo@yahoo.com,+95(9)3518638782,RETAIL,987,MANABÍ,MANTA,2024-02-24,2026-02-21,2026-02-21 19:17:59.877054
1122,202602,CUS-00123,CÉDULA,7830024489,PERLA CAROLINA ESPINOSA PERES,guevaraalvaro@yahoo.com,456.511.8102x2031,WEALTH,956,AZUAY,MANTA,2021-05-05,2026-02-21,2026-02-21 19:17:59.877054
1123,202602,CUS-00124,CÉDULA,1158088848,ZOÉ DELGADO,igonzalez@gmail.com,310.967.8994x053,CORPORATIVO,818,LOJA,CUENCA,2025-12-25,2026-02-21,2026-02-21 19:17:59.877054
1124,202602,CUS-00125,CÉDULA,3153525118,ING. HERMELINDA PALOMINO,cintronnadia@yahoo.com,103.717.0586x5094,RETAIL,568,GUAYAS,QUITO,2025-07-24,2026-02-21,2026-02-21 19:17:59.877054
1125,202602,CUS-00126,CÉDULA,6207568409,SR(A). HERNÁN LLAMAS,renematos@hotmail.com,014-138-1138x6338,PYME,675,MANABÍ,GUAYAQUIL,2025-03-24,2026-02-21,2026-02-21 19:17:59.877054
1126,202602,CUS-00127,RUC,6428000259001,LUIS MANUEL RICARDO ZEPEDA,eva42@hotmail.com,(392)886-1957x61228,PYME,303,PICHINCHA,QUITO,2022-02-07,2026-02-21,2026-02-21 19:17:59.877054
1127,202602,CUS-00128,RUC,2791824971001,MARTHA MARGARITA QUINTANILLA GALLARDO,lilianamacias@yahoo.com,852-897-5585x566,PYME,437,MANABÍ,MANTA,2023-05-15,2026-02-21,2026-02-21 19:17:59.877054
1128,202602,CUS-00129,CÉDULA,5498414365,LIC. DARÍO BRAVO,valdesrosa@hotmail.com,593.983.6845x77600,RETAIL,530,GUAYAS,MANTA,2021-08-19,2026-02-21,2026-02-21 19:17:59.877054
1129,202602,CUS-00130,CÉDULA,1466483234,NOELIA WILFRIDO MEZA CABÁN,socorroponce@hotmail.com,(908)240-4335,WEALTH,899,AZUAY,GUAYAQUIL,2025-11-06,2026-02-21,2026-02-21 19:17:59.877054
1130,202602,CUS-00131,CÉDULA,5213432793,ZACARÍAS HORACIO GARZA,warreola@hotmail.com,+48(8)8992107522,CORPORATIVO,828,PICHINCHA,QUITO,2024-03-26,2026-02-21,2026-02-21 19:17:59.877054
1131,202602,CUS-00132,CÉDULA,1103986966,CONCEPCIÓN ALBERTO ARREDONDO,usosa@hotmail.com,593-344-1969,PYME,351,PICHINCHA,MANTA,2022-08-24,2026-02-21,2026-02-21 19:17:59.877054
1132,202602,CUS-00133,CÉDULA,7099733356,MARTÍN SANTIAGO BELTRÁN,jparedes@yahoo.com,1-157-279-1940,RETAIL,945,AZUAY,MANTA,2023-07-06,2026-02-21,2026-02-21 19:17:59.877054
1133,202602,CUS-00134,CÉDULA,5079655458,LINDA VELÁSQUEZ,wenriquez@hotmail.com,961.055.6613x90604,RETAIL,624,MANABÍ,QUITO,2024-12-11,2026-02-21,2026-02-21 19:17:59.877054
1134,202602,CUS-00135,RUC,9897989770001,JUAN CARLOS MIGUEL ÁNGEL PABÓN,oguajardo@yahoo.com,058-925-8320x6799,CORPORATIVO,576,LOJA,MANTA,2023-10-22,2026-02-21,2026-02-21 19:17:59.877054
1135,202602,CUS-00136,CÉDULA,9431723698,CONCEPCIÓN VANESA ADAME,marisolbaeza@hotmail.com,136-462-2517x9086,PYME,835,MANABÍ,QUITO,2021-11-27,2026-02-21,2026-02-21 19:17:59.877054
1136,202602,CUS-00137,CÉDULA,1239061402,LUZ GAONA DEL VALLE,jpena@hotmail.com,168-622-7837,RETAIL,785,GUAYAS,MANTA,2021-10-11,2026-02-21,2026-02-21 19:17:59.877054
1137,202602,CUS-00138,CÉDULA,1064054269,LIC. AMADOR VALDÉS,juliaguerra@yahoo.com,938-983-3146x591,CORPORATIVO,815,LOJA,QUITO,2023-03-26,2026-02-21,2026-02-21 19:17:59.877054
1138,202602,CUS-00139,CÉDULA,8881264129,CARLOS MARÍA EUGENIA CEPEDA,isabelberrios@yahoo.com,06655355904,WEALTH,451,MANABÍ,GUAYAQUIL,2024-09-12,2026-02-21,2026-02-21 19:17:59.877054
1139,202602,CUS-00140,PASAPORTE,P56806723,YENI TAMEZ,aurelio83@gmail.com,(597)927-0335,WEALTH,782,AZUAY,MANTA,2025-08-06,2026-02-21,2026-02-21 19:17:59.877054
1140,202602,CUS-00141,PASAPORTE,P95963740,ING. ILSE QUINTERO,jose-maria99@gmail.com,110-392-4051,WEALTH,558,GUAYAS,GUAYAQUIL,2024-12-08,2026-02-21,2026-02-21 19:17:59.877054
1141,202602,CUS-00142,CÉDULA,3287058630,ING. LUIS ULIBARRI,escobedorodrigo@hotmail.com,(770)538-3388,PYME,623,GUAYAS,MANTA,2025-05-15,2026-02-21,2026-02-21 19:17:59.877054
1142,202602,CUS-00143,CÉDULA,1447571259,CRISTOBAL ROLDÁN,maurofrias@yahoo.com,879-206-9804,CORPORATIVO,467,GUAYAS,MANTA,2023-12-10,2026-02-21,2026-02-21 19:17:59.877054
1143,202602,CUS-00144,CÉDULA,2551615021,FRANCISCO JAVIER GUTIÉRREZ,adela33@hotmail.com,(043)940-7016,CORPORATIVO,987,LOJA,CUENCA,2022-11-16,2026-02-21,2026-02-21 19:17:59.877054
1144,202602,CUS-00145,CÉDULA,6375934869,NICOLÁS MERCEDES GRIEGO LAUREANO,roquefederico@hotmail.com,(451)046-3681x57981,RETAIL,609,PICHINCHA,QUITO,2022-12-20,2026-02-21,2026-02-21 19:17:59.877054
1145,202602,CUS-00146,CÉDULA,8607326275,ARACELI LIRA,leonelgrijalva@hotmail.com,(387)800-3845,RETAIL,778,LOJA,GUAYAQUIL,2024-04-15,2026-02-21,2026-02-21 19:17:59.877054
1146,202602,CUS-00147,CÉDULA,4377084355,GEORGINA ISRAEL MAYA,guillermina67@hotmail.com,620.555.4384x046,RETAIL,355,MANABÍ,GUAYAQUIL,2021-09-22,2026-02-21,2026-02-21 19:17:59.877054
1147,202602,CUS-00148,CÉDULA,1760453130,SR(A). CITLALI CORONA,homero45@hotmail.com,+84(3)2562168936,CORPORATIVO,919,PICHINCHA,GUAYAQUIL,2023-04-27,2026-02-21,2026-02-21 19:17:59.877054
1148,202602,CUS-00149,CÉDULA,6118418802,JUAN CARLOS CRISTIAN GALLEGOS,grobledo@hotmail.com,926.495.7823,RETAIL,772,MANABÍ,QUITO,2023-07-22,2026-02-21,2026-02-21 19:17:59.877054
1149,202602,CUS-00150,CÉDULA,3693165255,LINDA PANTOJA MENÉNDEZ,nmaya@yahoo.com,298-324-8262x92518,CORPORATIVO,595,PICHINCHA,CUENCA,2023-10-04,2026-02-21,2026-02-21 19:17:59.877054
1150,202602,CUS-00151,RUC,4390951279001,LIC. LINDA BAÑUELOS,liliana09@gmail.com,(125)205-6647x4231,CORPORATIVO,760,LOJA,GUAYAQUIL,2025-11-26,2026-02-21,2026-02-21 19:17:59.877054
1151,202602,CUS-00152,CÉDULA,5263842112,LUCÍA JULIO VIERA,adrianaibarra@hotmail.com,209-949-9939,WEALTH,623,GUAYAS,QUITO,2025-02-03,2026-02-21,2026-02-21 19:17:59.877054
1152,202602,CUS-00153,CÉDULA,1319818503,RENÉ OLIVARES ROMERO,jlucero@gmail.com,305.172.8975,RETAIL,440,AZUAY,MANTA,2021-12-21,2026-02-21,2026-02-21 19:17:59.877054
1153,202602,CUS-00154,CÉDULA,0532285841,JESÚS LUGO ORELLANA,estela69@gmail.com,(677)223-3060,WEALTH,966,GUAYAS,GUAYAQUIL,2022-07-05,2026-02-21,2026-02-21 19:17:59.877054
1154,202602,CUS-00155,PASAPORTE,P74138331,PABLO TREVIÑO,purbina@hotmail.com,633-312-7975,PYME,561,LOJA,GUAYAQUIL,2025-12-23,2026-02-21,2026-02-21 19:17:59.877054
1155,202602,CUS-00156,CÉDULA,5162242198,DR. MICAELA GAONA,francisco77@yahoo.com,1-366-096-5699x988,PYME,719,PICHINCHA,CUENCA,2022-08-03,2026-02-21,2026-02-21 19:17:59.877054
1156,202602,CUS-00157,CÉDULA,1178628248,MARCO ANTONIO MERCEDES ANAYA ORDÓÑEZ,jesusde-la-o@gmail.com,081-770-3886x08680,PYME,540,GUAYAS,GUAYAQUIL,2025-12-02,2026-02-21,2026-02-21 19:17:59.877054
1157,202602,CUS-00158,CÉDULA,2603367046,YOLANDA LETICIA DE JESÚS ROBLES,ienriquez@hotmail.com,1-476-447-2649,CORPORATIVO,654,LOJA,GUAYAQUIL,2021-06-11,2026-02-21,2026-02-21 19:17:59.877054
1158,202602,CUS-00159,CÉDULA,3335614326,SILVIA OSWALDO AMADOR,soriaaldo@gmail.com,+82(7)7181298266,CORPORATIVO,888,MANABÍ,MANTA,2026-01-01,2026-02-21,2026-02-21 19:17:59.877054
1159,202602,CUS-00160,CÉDULA,5645461455,ROSALIA VALLE,aguayoliliana@gmail.com,1-702-793-7145,CORPORATIVO,479,AZUAY,QUITO,2022-02-02,2026-02-21,2026-02-21 19:17:59.877054
1160,202602,CUS-00161,CÉDULA,4969764049,ARMANDO PORRAS CERVÁNTEZ,angelcorona@gmail.com,1-211-175-1868x92686,RETAIL,365,GUAYAS,QUITO,2025-03-19,2026-02-21,2026-02-21 19:17:59.877054
1161,202602,CUS-00162,CÉDULA,1441430204,DULCE ARTEAGA,nataliaresendez@yahoo.com,+25(9)2222064474,WEALTH,647,PICHINCHA,CUENCA,2023-08-13,2026-02-21,2026-02-21 19:17:59.877054
1162,202602,CUS-00163,CÉDULA,3649313172,JUAN ITZEL GALARZA RENTERÍA,rosasvictoria@yahoo.com,212-309-4077x78097,CORPORATIVO,470,MANABÍ,MANTA,2023-10-20,2026-02-21,2026-02-21 19:17:59.877054
1163,202602,CUS-00164,CÉDULA,8359490807,IVÁN JUAN LEDESMA PÉREZ,aguayooscar@hotmail.com,397.767.1990,WEALTH,773,LOJA,QUITO,2023-09-16,2026-02-21,2026-02-21 19:17:59.877054
1164,202602,CUS-00165,CÉDULA,8801091974,ARIADNA MARIANO ALMARAZ TIRADO,balcala@hotmail.com,849.830.2205,WEALTH,833,AZUAY,MANTA,2021-07-06,2026-02-21,2026-02-21 19:17:59.877054
1165,202602,CUS-00166,RUC,6175700672001,JERÓNIMO GARRIDO BARRIENTOS,omar40@hotmail.com,+20(9)9451016224,WEALTH,666,PICHINCHA,QUITO,2023-04-30,2026-02-21,2026-02-21 19:17:59.877054
1166,202602,CUS-00167,CÉDULA,4064778602,ALTA  GRACIA GUTIÉRREZ FELICIANO,gduarte@gmail.com,998.279.5014x5561,RETAIL,406,LOJA,MANTA,2023-09-08,2026-02-21,2026-02-21 19:17:59.877054
1167,202602,CUS-00168,CÉDULA,7270434793,SILVIA CORRAL GRIEGO,fabiolaespinosa@hotmail.com,(814)721-4586x833,RETAIL,738,LOJA,CUENCA,2023-12-14,2026-02-21,2026-02-21 19:17:59.877054
1168,202602,CUS-00169,CÉDULA,3262294457,MARIO YOLANDA CARRERO,joaquin46@gmail.com,019.817.9469x5489,PYME,526,GUAYAS,GUAYAQUIL,2023-02-02,2026-02-21,2026-02-21 19:17:59.877054
1169,202602,CUS-00170,CÉDULA,9507788112,DR. MARTHA HIDALGO,leticia79@gmail.com,529.978.7729x3430,PYME,743,GUAYAS,CUENCA,2024-03-05,2026-02-21,2026-02-21 19:17:59.877054
1170,202602,CUS-00171,CÉDULA,0338889619,DANIELA SAMUEL ZEPEDA CARRERO,helenablanco@hotmail.com,00713966055,WEALTH,741,PICHINCHA,QUITO,2022-03-05,2026-02-21,2026-02-21 19:17:59.877054
1171,202602,CUS-00172,CÉDULA,4371541907,HUGO BIANCA VÉLIZ,cabanleticia@yahoo.com,(303)441-4488x5015,PYME,695,LOJA,CUENCA,2021-02-26,2026-02-21,2026-02-21 19:17:59.877054
1172,202602,CUS-00173,CÉDULA,1688798153,HUGO VELÁSQUEZ NÚÑEZ,eurias@gmail.com,1-699-023-5577,WEALTH,880,GUAYAS,GUAYAQUIL,2023-12-31,2026-02-21,2026-02-21 19:17:59.877054
1173,202602,CUS-00174,CÉDULA,3420742966,ELVIA BENÍTEZ,de-la-torrearmando@yahoo.com,+27(2)7857608495,RETAIL,383,AZUAY,CUENCA,2024-02-06,2026-02-21,2026-02-21 19:17:59.877054
1174,202602,CUS-00175,CÉDULA,0814477665,DR. BENJAMÍN MADERA,kmeraz@gmail.com,(803)955-1240x5682,RETAIL,914,AZUAY,QUITO,2021-03-08,2026-02-21,2026-02-21 19:17:59.877054
1175,202602,CUS-00176,CÉDULA,5851143126,SR(A). RAÚL ARGUELLO,godinezeric@hotmail.com,1-962-914-5046x1735,RETAIL,850,LOJA,QUITO,2025-10-13,2026-02-21,2026-02-21 19:17:59.877054
1176,202602,CUS-00177,CÉDULA,7540725266,ÓSCAR LUIS MIGUEL NEVÁREZ BARRIENTOS,cjuarez@gmail.com,1-438-421-5031x780,CORPORATIVO,312,GUAYAS,CUENCA,2023-09-14,2026-02-21,2026-02-21 19:17:59.877054
1177,202602,CUS-00178,CÉDULA,8479970420,MTRO. ADÁN PERES,pamela90@gmail.com,823.578.4521x823,WEALTH,992,PICHINCHA,GUAYAQUIL,2023-08-29,2026-02-21,2026-02-21 19:17:59.877054
1178,202602,CUS-00179,RUC,3729189461001,BERNABÉ PRIETO,adriana39@gmail.com,076.810.4091x57018,RETAIL,792,PICHINCHA,CUENCA,2024-09-28,2026-02-21,2026-02-21 19:17:59.877054
1179,202602,CUS-00180,CÉDULA,8833599950,TERESA MARÍA LUISA CORRAL PUGA,tbermudez@gmail.com,(409)435-3344x85714,WEALTH,567,PICHINCHA,GUAYAQUIL,2022-06-07,2026-02-21,2026-02-21 19:17:59.877054
1180,202602,CUS-00181,CÉDULA,8148326572,OCTAVIO URIEL JIMÍNEZ,raquelordonez@hotmail.com,241-098-8138,PYME,824,AZUAY,MANTA,2025-05-27,2026-02-21,2026-02-21 19:17:59.877054
1181,202602,CUS-00182,CÉDULA,4933397529,ING. MAXIMILIANO RIVERO,juan-carlos21@hotmail.com,854.249.3214,PYME,419,GUAYAS,GUAYAQUIL,2022-08-15,2026-02-21,2026-02-21 19:17:59.877054
1182,202602,CUS-00183,RUC,4545764953001,ROSALIA JASSO,ana16@gmail.com,587.020.7016x0166,RETAIL,652,GUAYAS,MANTA,2022-06-25,2026-02-21,2026-02-21 19:17:59.877054
1183,202602,CUS-00184,RUC,8306632749001,FELIPE ASUNCIÓN LEIVA RAYA,molinasalma@hotmail.com,(997)954-5381,WEALTH,356,AZUAY,CUENCA,2021-09-25,2026-02-21,2026-02-21 19:17:59.877054
1184,202602,CUS-00185,CÉDULA,6337711220,MARISOL REBECA OJEDA,bmena@hotmail.com,1-921-717-4773x329,RETAIL,339,PICHINCHA,GUAYAQUIL,2022-04-05,2026-02-21,2026-02-21 19:17:59.877054
1185,202602,CUS-00186,CÉDULA,2579543236,ALICIA MIGUEL ÁNGEL MELÉNDEZ ECHEVERRÍA,maria-del-carmen73@yahoo.com,562-557-7017,PYME,635,PICHINCHA,MANTA,2023-10-22,2026-02-21,2026-02-21 19:17:59.877054
1186,202602,CUS-00187,RUC,0601308500001,ERIC MOTA,lpreciado@hotmail.com,05772459928,RETAIL,939,LOJA,MANTA,2022-08-07,2026-02-21,2026-02-21 19:17:59.877054
1187,202602,CUS-00188,CÉDULA,5335689483,JACINTO GILBERTO YBARRA LEAL,xbriones@hotmail.com,06158148769,WEALTH,472,MANABÍ,MANTA,2024-05-03,2026-02-21,2026-02-21 19:17:59.877054
1188,202602,CUS-00189,CÉDULA,9120550242,SR(A). NOEMÍ ESPINO,fernando11@yahoo.com,(393)827-6153x966,PYME,846,GUAYAS,QUITO,2025-11-07,2026-02-21,2026-02-21 19:17:59.877054
1189,202602,CUS-00190,CÉDULA,9292443049,FABIOLA PALOMO SÁENZ,juancorrales@hotmail.com,1-583-219-7199x7581,CORPORATIVO,558,GUAYAS,CUENCA,2022-07-12,2026-02-21,2026-02-21 19:17:59.877054
1190,202602,CUS-00191,CÉDULA,4359366120,DR. MARTÍN SALAS,xmateo@gmail.com,1-246-191-9657x013,PYME,816,GUAYAS,MANTA,2021-10-20,2026-02-21,2026-02-21 19:17:59.877054
1191,202602,CUS-00192,RUC,7835858378001,ADRIANA CABÁN,adamehomero@yahoo.com,902-278-4699,CORPORATIVO,822,MANABÍ,GUAYAQUIL,2025-07-04,2026-02-21,2026-02-21 19:17:59.877054
1192,202602,CUS-00193,RUC,3479562679001,ESTELA LETICIA GUERRERO MALAVE,genaro12@gmail.com,1-335-494-6519x098,RETAIL,416,LOJA,MANTA,2021-05-25,2026-02-21,2026-02-21 19:17:59.877054
1193,202602,CUS-00194,CÉDULA,5985837319,MTRO. MARIO URIBE,luis-manuelrangel@hotmail.com,240-580-0851x403,RETAIL,483,MANABÍ,QUITO,2026-01-15,2026-02-21,2026-02-21 19:17:59.877054
1194,202602,CUS-00195,CÉDULA,8431065173,MTRO. LUZ URBINA,bcandelaria@gmail.com,(965)666-6832x723,WEALTH,415,PICHINCHA,CUENCA,2026-02-01,2026-02-21,2026-02-21 19:17:59.877054
1195,202602,CUS-00196,CÉDULA,7649978494,JESÚS MARÍA ELENA JUÁREZ MALAVE,perla19@hotmail.com,(656)242-2010x2762,CORPORATIVO,461,PICHINCHA,QUITO,2022-03-10,2026-02-21,2026-02-21 19:17:59.877054
1196,202602,CUS-00197,CÉDULA,1426947022,ESTHER CARLA ESPINOZA MATA,judith04@yahoo.com,02679692786,RETAIL,878,GUAYAS,QUITO,2021-09-20,2026-02-21,2026-02-21 19:17:59.877054
1197,202602,CUS-00198,RUC,8488014398001,OMAR ESCALANTE ESPINOSA,ubravo@hotmail.com,(765)326-9097x3846,CORPORATIVO,842,AZUAY,QUITO,2024-05-20,2026-02-21,2026-02-21 19:17:59.877054
1198,202602,CUS-00199,RUC,6560071986001,MAXIMILIANO GERÓNIMO VILLALPANDO,reinasoliz@gmail.com,(950)097-5197x1284,RETAIL,886,GUAYAS,GUAYAQUIL,2024-04-20,2026-02-21,2026-02-21 19:17:59.877054
1199,202602,CUS-00200,CÉDULA,5001551094,ING. GUILLERMINA CAMARILLO,ide-la-o@yahoo.com,1-818-913-7189x490,PYME,536,AZUAY,CUENCA,2026-01-01,2026-02-21,2026-02-21 19:17:59.877054
1200,202602,CUS-00201,CÉDULA,4158191265,GUSTAVO ESPERANZA MURO,gabriel72@gmail.com,1-807-787-9565,RETAIL,365,MANABÍ,CUENCA,2022-10-05,2026-02-21,2026-02-21 19:17:59.877054
1201,202602,CUS-00202,CÉDULA,7759220643,HERMELINDA ADELA TEJEDA,manuelleal@yahoo.com,(420)949-4079,WEALTH,369,PICHINCHA,GUAYAQUIL,2025-11-15,2026-02-21,2026-02-21 19:17:59.877054
1202,202602,CUS-00203,CÉDULA,9335774538,GERARDO AMALIA AYALA,maximiliano15@yahoo.com,(904)904-7128,PYME,746,AZUAY,CUENCA,2025-07-24,2026-02-21,2026-02-21 19:17:59.877054
1203,202602,CUS-00204,RUC,7990187270001,MTRO. CARMEN SALAS,socorrosaldivar@hotmail.com,04429444019,WEALTH,715,MANABÍ,QUITO,2022-06-17,2026-02-21,2026-02-21 19:17:59.877054
1204,202602,CUS-00205,CÉDULA,9325636812,ADÁN VELA LINARES,maria-josecarbajal@gmail.com,(927)524-3728,PYME,831,PICHINCHA,CUENCA,2021-10-22,2026-02-21,2026-02-21 19:17:59.877054
1205,202602,CUS-00206,CÉDULA,4279778344,MAURO QUINTANA,abraham65@hotmail.com,+51(2)9276637239,CORPORATIVO,740,AZUAY,GUAYAQUIL,2025-08-19,2026-02-21,2026-02-21 19:17:59.877054
1206,202602,CUS-00207,CÉDULA,7687193516,DULCE MARÍA AMELIA HERNÁDEZ ROMO,cmendoza@yahoo.com,504.102.7674x78366,WEALTH,763,GUAYAS,QUITO,2022-08-12,2026-02-21,2026-02-21 19:17:59.877054
1207,202602,CUS-00208,CÉDULA,2217500674,ANDRÉS PACHECO SALAZAR,ivillegas@yahoo.com,428.604.7658x018,RETAIL,695,GUAYAS,GUAYAQUIL,2026-01-25,2026-02-21,2026-02-21 19:17:59.877054
1208,202602,CUS-00209,CÉDULA,4355286064,REYNALDO AVILÉS CORONADO,salvador37@yahoo.com,569-454-4149x67393,CORPORATIVO,850,GUAYAS,MANTA,2024-04-08,2026-02-21,2026-02-21 19:17:59.877054
1209,202602,CUS-00210,CÉDULA,4135964820,RAMÓN HERNÁN BRIONES,leonelmatos@yahoo.com,525-800-1061x8175,RETAIL,956,MANABÍ,QUITO,2021-03-11,2026-02-21,2026-02-21 19:17:59.877054
1210,202602,CUS-00211,CÉDULA,3831942835,CARIDAD PORFIRIO PEÑA,yvelasquez@gmail.com,443.009.1093,PYME,856,GUAYAS,QUITO,2022-12-01,2026-02-21,2026-02-21 19:17:59.877054
1211,202602,CUS-00212,CÉDULA,1528184715,ING. SERAFÍN GASTÉLUM,jose-manuel46@yahoo.com,111.926.9212x4471,PYME,694,LOJA,CUENCA,2024-10-16,2026-02-21,2026-02-21 19:17:59.877054
1212,202602,CUS-00213,CÉDULA,2947904231,LIC. MARÍA DEL CARMEN QUINTERO,valleelvira@hotmail.com,746-542-1406x65044,RETAIL,625,PICHINCHA,QUITO,2022-07-15,2026-02-21,2026-02-21 19:17:59.877054
1213,202602,CUS-00214,CÉDULA,8219865042,ROLANDO LUIS MIGUEL MAGAÑA VARELA,paulinaamador@hotmail.com,(717)396-2712,RETAIL,390,MANABÍ,GUAYAQUIL,2022-06-02,2026-02-21,2026-02-21 19:17:59.877054
1214,202602,CUS-00215,CÉDULA,0311277658,SR(A). SANTIAGO CAMACHO,cfuentes@yahoo.com,(639)174-1011x9470,CORPORATIVO,369,GUAYAS,CUENCA,2021-03-20,2026-02-21,2026-02-21 19:17:59.877054
1215,202602,CUS-00216,CÉDULA,3076623985,SOCORRO ERIC JAIME,paredeszacarias@yahoo.com,200.642.5690x877,RETAIL,465,PICHINCHA,MANTA,2024-06-04,2026-02-21,2026-02-21 19:17:59.877054
1216,202602,CUS-00217,CÉDULA,4284433068,CRISTINA GRIJALVA DELGADILLO,taniamadrigal@gmail.com,(618)306-7198x554,WEALTH,941,AZUAY,GUAYAQUIL,2025-06-24,2026-02-21,2026-02-21 19:17:59.877054
1217,202602,CUS-00218,CÉDULA,2120561753,SR(A). CRISTINA ACEVEDO,victoria26@yahoo.com,015-851-7432x806,WEALTH,513,GUAYAS,MANTA,2025-11-01,2026-02-21,2026-02-21 19:17:59.877054
1218,202602,CUS-00219,CÉDULA,4722308779,MARÍA DEL CARMEN VILLEGAS,rangelrufino@yahoo.com,(346)157-1732x03093,RETAIL,900,PICHINCHA,MANTA,2024-01-21,2026-02-21,2026-02-21 19:17:59.877054
1219,202602,CUS-00220,RUC,5658222928001,GUILLERMO APODACA,gtellez@hotmail.com,618.478.7005x050,WEALTH,634,LOJA,MANTA,2024-10-02,2026-02-21,2026-02-21 19:17:59.877054
1220,202602,CUS-00221,CÉDULA,3686823754,GRACIELA GUILLERMINA RENDÓN,ctorrez@yahoo.com,138-782-9310x270,RETAIL,668,AZUAY,QUITO,2024-07-31,2026-02-21,2026-02-21 19:17:59.877054
1221,202602,CUS-00222,CÉDULA,3708073842,EUGENIA JAIME VILLALPANDO,cardonafelix@hotmail.com,903.202.0417x929,CORPORATIVO,883,LOJA,GUAYAQUIL,2025-11-13,2026-02-21,2026-02-21 19:17:59.877054
1222,202602,CUS-00223,CÉDULA,8833718587,LUZ CAMILA TOVAR,daniela90@hotmail.com,01179931365,WEALTH,976,PICHINCHA,GUAYAQUIL,2022-06-05,2026-02-21,2026-02-21 19:17:59.877054
1223,202602,CUS-00224,CÉDULA,6021444342,VICENTE CONCHITA JÁQUEZ,ymeraz@yahoo.com,651.982.5309x25114,WEALTH,348,LOJA,QUITO,2024-04-09,2026-02-21,2026-02-21 19:17:59.877054
1224,202602,CUS-00225,CÉDULA,0488320170,ANGÉLICA ANA MARÍA DE JESÚS,alarconberta@yahoo.com,625-827-3902,RETAIL,351,PICHINCHA,CUENCA,2024-02-29,2026-02-21,2026-02-21 19:17:59.877054
1225,202602,CUS-00226,CÉDULA,7675829357,ROSARIO REBECA LOMELI QUIÑONES,nayelisolano@hotmail.com,09620710021,WEALTH,588,PICHINCHA,MANTA,2022-03-03,2026-02-21,2026-02-21 19:17:59.877054
1226,202602,CUS-00227,PASAPORTE,P42538236,MAYTE MAESTAS PADRÓN,mariselanoriega@yahoo.com,1-946-723-2487x63290,PYME,925,LOJA,GUAYAQUIL,2023-05-08,2026-02-21,2026-02-21 19:17:59.877054
1227,202602,CUS-00228,CÉDULA,6352517168,MÓNICA PAOLA SALCIDO QUEZADA,svillalobos@hotmail.com,279.145.6083x3181,CORPORATIVO,538,PICHINCHA,QUITO,2022-10-05,2026-02-21,2026-02-21 19:17:59.877054
1228,202602,CUS-00229,RUC,0765558105001,RUFINO ARENAS PRECIADO,jaimealvarado@yahoo.com,588.373.4031x2772,CORPORATIVO,432,GUAYAS,MANTA,2022-02-27,2026-02-21,2026-02-21 19:17:59.877054
1229,202602,CUS-00230,CÉDULA,9729080272,SALMA FIDEL ALVAREZ BUSTOS,lucerolinda@gmail.com,(005)436-4597,WEALTH,465,PICHINCHA,CUENCA,2024-04-15,2026-02-21,2026-02-21 19:17:59.877054
1230,202602,CUS-00231,CÉDULA,3705007309,ZEFERINO RENÉ VILLAGÓMEZ,colladojaqueline@yahoo.com,+10(8)2207811379,WEALTH,673,MANABÍ,CUENCA,2025-06-06,2026-02-21,2026-02-21 19:17:59.877054
1231,202602,CUS-00232,CÉDULA,6440958874,ZACARÍAS JIMÉNEZ VELÁZQUEZ,maria-eugenia38@yahoo.com,1-563-531-5313x6363,PYME,672,PICHINCHA,MANTA,2023-02-12,2026-02-21,2026-02-21 19:17:59.877054
1232,202602,CUS-00233,CÉDULA,0807426686,DELIA RODRÍGEZ SOLANO,martin17@hotmail.com,07970623972,PYME,777,MANABÍ,CUENCA,2023-05-15,2026-02-21,2026-02-21 19:17:59.877054
1233,202602,CUS-00234,CÉDULA,2072774096,GERMÁN DURÁN,ematos@yahoo.com,527-354-3520x904,WEALTH,778,PICHINCHA,GUAYAQUIL,2024-10-15,2026-02-21,2026-02-21 19:17:59.877054
1234,202602,CUS-00235,CÉDULA,9478660311,LIC. TERESA SALAZAR,carreroagustin@yahoo.com,177-625-3492,WEALTH,949,PICHINCHA,GUAYAQUIL,2023-04-23,2026-02-21,2026-02-21 19:17:59.877054
1235,202602,CUS-00236,CÉDULA,1303142730,MARIANO MONTERO PAREDES,de-andafederico@hotmail.com,929-831-6873x97740,PYME,890,LOJA,GUAYAQUIL,2021-11-18,2026-02-21,2026-02-21 19:17:59.877054
1236,202602,CUS-00237,CÉDULA,0928618912,INÉS YURIDIA CANTÚ CRUZ,pedrocrespo@yahoo.com,633.569.3929x06007,RETAIL,981,GUAYAS,CUENCA,2023-07-15,2026-02-21,2026-02-21 19:17:59.877054
1237,202602,CUS-00238,CÉDULA,9125886235,LILIA MIGUEL ÁNGEL LOMELI PACHECO,orios@yahoo.com,806.867.1773x18063,PYME,934,GUAYAS,GUAYAQUIL,2023-08-15,2026-02-21,2026-02-21 19:17:59.877054
1238,202602,CUS-00239,CÉDULA,4152710820,SR(A). MARÍA ELENA BUENO,eduardopreciado@yahoo.com,543-107-4279,RETAIL,987,AZUAY,QUITO,2023-06-09,2026-02-21,2026-02-21 19:17:59.877054
1239,202602,CUS-00240,CÉDULA,6944086785,FLAVIO IRENE CARRILLO PÁEZ,fajardomaria-del-carmen@hotmail.com,907.726.2570x16580,CORPORATIVO,599,LOJA,GUAYAQUIL,2025-03-21,2026-02-21,2026-02-21 19:17:59.877054
1240,202602,CUS-00241,RUC,4513268459001,SR(A). VÍCTOR TORRES,aordonez@hotmail.com,(649)893-1950,CORPORATIVO,381,LOJA,GUAYAQUIL,2022-01-07,2026-02-21,2026-02-21 19:17:59.877054
1241,202602,CUS-00242,PASAPORTE,P12286798,LILIANA AYALA,emilianoleiva@hotmail.com,501-657-9055x2818,PYME,386,GUAYAS,CUENCA,2023-12-27,2026-02-21,2026-02-21 19:17:59.877054
1242,202602,CUS-00243,RUC,5307617463001,NORMA JOS SAMANIEGO,velezbenjamin@hotmail.com,1-325-381-7933x55486,RETAIL,524,LOJA,GUAYAQUIL,2025-11-09,2026-02-21,2026-02-21 19:17:59.877054
1243,202602,CUS-00244,CÉDULA,4700329120,AMELIA FIGUEROA,josefinamelgar@gmail.com,015-577-8817,PYME,315,GUAYAS,MANTA,2022-01-15,2026-02-21,2026-02-21 19:17:59.877054
1244,202602,CUS-00245,CÉDULA,0547137503,PAULINA CÉSAR LOERA QUEZADA,qcarrera@hotmail.com,1-884-795-1371x16241,PYME,657,LOJA,QUITO,2022-07-20,2026-02-21,2026-02-21 19:17:59.877054
1245,202602,CUS-00246,RUC,0147723959001,CARLOS ANAYA,osuarez@yahoo.com,02412723804,RETAIL,462,PICHINCHA,CUENCA,2022-09-09,2026-02-21,2026-02-21 19:17:59.877054
1246,202602,CUS-00247,CÉDULA,2154949494,DR. CRISTOBAL MÁRQUEZ,lorosco@gmail.com,(827)567-0431x038,PYME,909,GUAYAS,QUITO,2025-07-26,2026-02-21,2026-02-21 19:17:59.877054
1247,202602,CUS-00248,PASAPORTE,P26531803,SR(A). PEDRO PANTOJA,jesus79@gmail.com,569-557-9887x74924,CORPORATIVO,967,GUAYAS,MANTA,2025-03-24,2026-02-21,2026-02-21 19:17:59.877054
1248,202602,CUS-00249,PASAPORTE,P05344801,ESPARTACO CARRERA RIOJAS,sessa91@hotmail.com,(437)540-2547,WEALTH,813,MANABÍ,CUENCA,2024-07-29,2026-02-21,2026-02-21 19:17:59.877054
1249,202602,CUS-00250,RUC,5462291290001,VICENTE CORRALES SAMANIEGO,humbertocarvajal@gmail.com,(928)422-2231,WEALTH,649,LOJA,CUENCA,2022-01-29,2026-02-21,2026-02-21 19:17:59.877054
1250,202602,CUS-00251,CÉDULA,4463207213,NANCY GEORGINA PELAYO ROSAS,camilo25@hotmail.com,+59(2)7452380552,PYME,980,LOJA,GUAYAQUIL,2021-11-09,2026-02-21,2026-02-21 19:17:59.877054
1251,202602,CUS-00252,CÉDULA,2021758792,FEDERICO REYES,nayelioquendo@yahoo.com,782.841.0672,RETAIL,763,GUAYAS,QUITO,2023-04-10,2026-02-21,2026-02-21 19:17:59.877054
1252,202602,CUS-00253,RUC,4647404352001,DR. JUAN CARLOS ESPINO,reneolivera@yahoo.com,1-520-885-4749x297,RETAIL,674,PICHINCHA,MANTA,2023-06-01,2026-02-21,2026-02-21 19:17:59.877054
1253,202602,CUS-00254,CÉDULA,4155456407,ING. CELIA BARRIOS,micaelaterrazas@hotmail.com,1-170-281-4069,CORPORATIVO,391,PICHINCHA,MANTA,2024-05-13,2026-02-21,2026-02-21 19:17:59.877054
1254,202602,CUS-00255,CÉDULA,3895022935,LINDA JACINTO SARABIA JARAMILLO,pilarde-la-cruz@yahoo.com,751.509.3983,RETAIL,480,PICHINCHA,CUENCA,2023-02-25,2026-02-21,2026-02-21 19:17:59.877054
1255,202602,CUS-00256,CÉDULA,6935076821,GUILLERMINA LUGO VILLAGÓMEZ,clara25@yahoo.com,301-871-8637,RETAIL,600,LOJA,GUAYAQUIL,2024-10-05,2026-02-21,2026-02-21 19:17:59.877054
1256,202602,CUS-00257,RUC,0241236287001,LIC. CONCHITA RAMÓN,munozabril@yahoo.com,1-998-056-2656,CORPORATIVO,959,MANABÍ,CUENCA,2021-10-28,2026-02-21,2026-02-21 19:17:59.877054
1257,202602,CUS-00258,CÉDULA,3000072524,LIC. JAIME MERCADO,eloisaolivo@hotmail.com,045.547.8137,PYME,488,GUAYAS,CUENCA,2024-11-22,2026-02-21,2026-02-21 19:17:59.877054
1258,202602,CUS-00259,CÉDULA,6155259941,ING. JOSÉ MARÍA RESÉNDEZ,rparedes@yahoo.com,674.266.2991x23478,WEALTH,613,AZUAY,CUENCA,2021-03-13,2026-02-21,2026-02-21 19:17:59.877054
1259,202602,CUS-00260,CÉDULA,8727822179,ELENA EVELIO VÁZQUEZ OLIVERA,fquiroz@gmail.com,1-196-106-4628,CORPORATIVO,792,MANABÍ,CUENCA,2021-08-21,2026-02-21,2026-02-21 19:17:59.877054
1260,202602,CUS-00261,CÉDULA,0766203840,LILIA ALVARO MATÍAS,vallejoalta-gracia@gmail.com,1-923-264-8704x947,PYME,427,AZUAY,MANTA,2023-01-22,2026-02-21,2026-02-21 19:17:59.877054
1261,202602,CUS-00262,PASAPORTE,P47748032,JUANA OLVERA,alonso43@hotmail.com,(730)024-4714x6273,CORPORATIVO,818,MANABÍ,MANTA,2021-09-09,2026-02-21,2026-02-21 19:17:59.877054
1262,202602,CUS-00263,CÉDULA,1768135272,MIGUEL ÁNGEL ALEJANDRO CASTRO,dario79@hotmail.com,+14(7)1959796471,PYME,725,PICHINCHA,CUENCA,2021-03-16,2026-02-21,2026-02-21 19:17:59.877054
1263,202602,CUS-00264,CÉDULA,1251706195,ING. ISABEL CAMARILLO,gulloa@gmail.com,890.429.0257,CORPORATIVO,858,LOJA,CUENCA,2025-04-17,2026-02-21,2026-02-21 19:17:59.877054
1264,202602,CUS-00265,RUC,1197162767001,BENITO SOTELO,jassopamela@yahoo.com,1-252-045-6504x48183,PYME,864,AZUAY,GUAYAQUIL,2025-10-24,2026-02-21,2026-02-21 19:17:59.877054
1265,202602,CUS-00266,CÉDULA,6564600844,ADELA COLÓN,quintanapatricio@gmail.com,219-285-5445x18952,CORPORATIVO,486,MANABÍ,CUENCA,2021-10-19,2026-02-21,2026-02-21 19:17:59.877054
1266,202602,CUS-00267,CÉDULA,2428850669,VANESA CORREA,vcanales@hotmail.com,+28(4)5765213283,PYME,849,LOJA,MANTA,2024-12-28,2026-02-21,2026-02-21 19:17:59.877054
1267,202602,CUS-00268,CÉDULA,9375331134,MARIANO JAIMES MIRELES,hectorapodaca@yahoo.com,1-898-881-6711,CORPORATIVO,752,AZUAY,QUITO,2022-06-24,2026-02-21,2026-02-21 19:17:59.877054
1268,202602,CUS-00269,CÉDULA,7536716117,LIC. VIOLETA BLANCO,jaqueline17@gmail.com,075-452-7985,WEALTH,770,GUAYAS,MANTA,2025-10-31,2026-02-21,2026-02-21 19:17:59.877054
1269,202602,CUS-00270,CÉDULA,1808099155,ZEFERINO OSWALDO OLIVARES MATEO,enriquevillalobos@hotmail.com,(401)322-3423,WEALTH,864,MANABÍ,GUAYAQUIL,2024-02-20,2026-02-21,2026-02-21 19:17:59.877054
1270,202602,CUS-00271,RUC,0671785488001,PATRICIA ARANDA,santiago62@hotmail.com,161-107-6031,RETAIL,523,GUAYAS,MANTA,2025-02-06,2026-02-21,2026-02-21 19:17:59.877054
1271,202602,CUS-00272,RUC,0281331220001,SR(A). EUGENIO LOERA,emilianofonseca@gmail.com,+89(0)7140140119,PYME,453,PICHINCHA,QUITO,2021-03-09,2026-02-21,2026-02-21 19:17:59.877054
1272,202602,CUS-00273,RUC,5724096908001,AURORA MANUEL CALVILLO,oscar49@hotmail.com,1-932-501-2495,CORPORATIVO,859,GUAYAS,CUENCA,2025-02-05,2026-02-21,2026-02-21 19:17:59.877054
1273,202602,CUS-00274,RUC,7696444070001,MARÍA DE LA CRÚZ LUNA,ireneloya@yahoo.com,289.389.1190,PYME,650,GUAYAS,QUITO,2023-11-07,2026-02-21,2026-02-21 19:17:59.877054
1274,202602,CUS-00275,CÉDULA,3884322490,AMALIA MELÉNDEZ BADILLO,noelia12@yahoo.com,334-280-1387x5927,WEALTH,446,MANABÍ,CUENCA,2025-03-25,2026-02-21,2026-02-21 19:17:59.877054
1275,202602,CUS-00276,CÉDULA,4568212868,JORGE JOSÉ LUIS PRADO CONCEPCIÓN,lebronvanesa@gmail.com,(125)663-8361x51718,PYME,875,PICHINCHA,CUENCA,2025-05-27,2026-02-21,2026-02-21 19:17:59.877054
1276,202602,CUS-00277,CÉDULA,1431885575,OLGA LILIA VALLES,felixconcepcion@hotmail.com,754-801-5716,CORPORATIVO,648,GUAYAS,MANTA,2021-07-25,2026-02-21,2026-02-21 19:17:59.877054
1277,202602,CUS-00278,CÉDULA,0361877631,DAVID DELIA BERRÍOS,fernando67@gmail.com,(794)738-6463,PYME,481,LOJA,MANTA,2021-11-01,2026-02-21,2026-02-21 19:17:59.877054
1278,202602,CUS-00279,CÉDULA,2547550342,LIC. SILVANO GUAJARDO,soledad66@yahoo.com,07520716781,CORPORATIVO,936,AZUAY,MANTA,2024-12-08,2026-02-21,2026-02-21 19:17:59.877054
1279,202602,CUS-00280,CÉDULA,8055944945,RODOLFO COLLAZO,cabankarina@hotmail.com,02669121535,WEALTH,478,GUAYAS,GUAYAQUIL,2025-08-08,2026-02-21,2026-02-21 19:17:59.877054
1280,202602,CUS-00281,RUC,7150392825001,MARÍA TERESA TEODORO HERNÁNDEZ,jose-carlos77@yahoo.com,1-961-367-4994,WEALTH,338,PICHINCHA,MANTA,2025-03-20,2026-02-21,2026-02-21 19:17:59.877054
1281,202602,CUS-00282,CÉDULA,0537839950,FLORENCIA AGUIRRE,cabanmaria-jose@hotmail.com,657-967-8427x11477,WEALTH,302,GUAYAS,GUAYAQUIL,2022-09-04,2026-02-21,2026-02-21 19:17:59.877054
1282,202602,CUS-00283,CÉDULA,3607954981,GRACIELA TREVIÑO,andrea86@gmail.com,201.017.0269,RETAIL,363,AZUAY,MANTA,2023-07-14,2026-02-21,2026-02-21 19:17:59.877054
1283,202602,CUS-00284,CÉDULA,4564806963,ANTONIA MARGARITA MONTAÑO,fgalarza@yahoo.com,(524)991-1877x34778,WEALTH,328,PICHINCHA,CUENCA,2022-05-11,2026-02-21,2026-02-21 19:17:59.877054
1284,202602,CUS-00285,CÉDULA,8436328706,MTRO. TIMOTEO PINEDA,gloria58@hotmail.com,858-800-6167,PYME,671,MANABÍ,GUAYAQUIL,2023-11-10,2026-02-21,2026-02-21 19:17:59.877054
1285,202602,CUS-00286,CÉDULA,8775372811,MARÍA EUGENIA HERMELINDA FARÍAS OLIVO,raulrubio@yahoo.com,1-677-002-8427,RETAIL,822,PICHINCHA,QUITO,2022-06-23,2026-02-21,2026-02-21 19:17:59.877054
1286,202602,CUS-00287,CÉDULA,6939786473,BERNABÉ GRANADO,arredondoberta@hotmail.com,(246)719-7889x778,WEALTH,396,MANABÍ,GUAYAQUIL,2023-11-10,2026-02-21,2026-02-21 19:17:59.877054
1287,202602,CUS-00288,CÉDULA,1580969898,REINA MUÑOZ,haleman@gmail.com,(806)479-6954,PYME,741,PICHINCHA,GUAYAQUIL,2021-03-30,2026-02-21,2026-02-21 19:17:59.877054
1288,202602,CUS-00289,CÉDULA,9247730035,MTRO. GUSTAVO ALONZO,areyes@yahoo.com,1-009-025-5905,PYME,502,AZUAY,QUITO,2021-05-12,2026-02-21,2026-02-21 19:17:59.877054
1289,202602,CUS-00290,CÉDULA,7588190143,GERARDO AGUILERA,cesarmadrid@gmail.com,165-565-0333x491,PYME,710,AZUAY,GUAYAQUIL,2023-11-12,2026-02-21,2026-02-21 19:17:59.877054
1290,202602,CUS-00291,CÉDULA,3875015194,SR(A). SAMUEL SALGADO,aurelio54@gmail.com,1-141-520-8507x69864,CORPORATIVO,320,PICHINCHA,CUENCA,2021-08-26,2026-02-21,2026-02-21 19:17:59.877054
1291,202602,CUS-00292,CÉDULA,4555192570,ESTELA SAMUEL MORA GAONA,wendolin20@yahoo.com,+79(0)5696591713,RETAIL,850,GUAYAS,MANTA,2025-07-28,2026-02-21,2026-02-21 19:17:59.877054
1292,202602,CUS-00293,RUC,0158327984001,SILVANO FIDEL CHAPA,eugenia61@hotmail.com,1-785-294-5637,PYME,401,AZUAY,QUITO,2023-03-20,2026-02-21,2026-02-21 19:17:59.877054
1293,202602,CUS-00294,CÉDULA,8126655195,SOLEDAD ARENAS MARES,abreuernesto@yahoo.com,183-440-4963x91919,CORPORATIVO,345,MANABÍ,MANTA,2021-02-22,2026-02-21,2026-02-21 19:17:59.877054
1294,202602,CUS-00295,CÉDULA,3210411679,ALDO VENEGAS,centenorosalia@gmail.com,1-419-876-3514,WEALTH,365,MANABÍ,CUENCA,2022-04-05,2026-02-21,2026-02-21 19:17:59.877054
1295,202602,CUS-00296,CÉDULA,7306037155,CÉSAR AURORA LUCERO MENA,aaguirre@hotmail.com,468-536-6498x7820,PYME,902,LOJA,QUITO,2022-04-10,2026-02-21,2026-02-21 19:17:59.877054
1296,202602,CUS-00297,CÉDULA,8493494797,DELIA FERNÁNDEZ,carla62@yahoo.com,829-737-4896x90835,CORPORATIVO,463,MANABÍ,MANTA,2023-01-25,2026-02-21,2026-02-21 19:17:59.877054
1297,202602,CUS-00298,CÉDULA,1675482938,PAOLA JOSEFINA TAMEZ,gironjuan-carlos@gmail.com,1-232-466-5136x442,PYME,410,LOJA,MANTA,2022-11-27,2026-02-21,2026-02-21 19:17:59.877054
1298,202602,CUS-00299,CÉDULA,5761208602,MTRO. DANIEL HINOJOSA,candelariahumberto@yahoo.com,936-312-3034,RETAIL,637,PICHINCHA,CUENCA,2022-07-29,2026-02-21,2026-02-21 19:17:59.877054
1299,202602,CUS-00300,CÉDULA,3342206901,GUSTAVO MIRELES,citlali62@hotmail.com,1-786-603-2420x448,RETAIL,422,PICHINCHA,MANTA,2025-09-30,2026-02-21,2026-02-21 19:17:59.877054
1300,202602,CUS-00301,CÉDULA,3341301099,MAYTE BENÍTEZ CISNEROS,angelatamez@hotmail.com,(070)015-9416,WEALTH,746,PICHINCHA,CUENCA,2024-07-24,2026-02-21,2026-02-21 19:17:59.877054
1301,202602,CUS-00302,CÉDULA,3369884900,ZOÉ ZEFERINO OSORIO,de-andamarcos@yahoo.com,162.319.8189,PYME,910,GUAYAS,GUAYAQUIL,2024-07-28,2026-02-21,2026-02-21 19:17:59.877054
1302,202602,CUS-00303,CÉDULA,5178347242,MTRO. AURORA ORTEGA,soledadcoronado@yahoo.com,471-391-5596x3632,CORPORATIVO,590,GUAYAS,CUENCA,2024-09-18,2026-02-21,2026-02-21 19:17:59.877054
1303,202602,CUS-00304,CÉDULA,9226669744,GABINO TERÁN CASTAÑEDA,fgamboa@gmail.com,02347649078,WEALTH,970,LOJA,GUAYAQUIL,2025-08-25,2026-02-21,2026-02-21 19:17:59.877054
1304,202602,CUS-00305,CÉDULA,3693137826,JOSÉ CARLOS IGLESIAS,carlotavillalpando@hotmail.com,158.673.4257,PYME,711,MANABÍ,QUITO,2023-08-07,2026-02-21,2026-02-21 19:17:59.877054
1305,202602,CUS-00306,PASAPORTE,P83924027,LIC. TEODORO NIETO,bmontoya@yahoo.com,1-540-900-3486x45183,WEALTH,914,MANABÍ,MANTA,2026-02-04,2026-02-21,2026-02-21 19:17:59.877054
1306,202602,CUS-00307,CÉDULA,7317793218,ZEFERINO GONZÁLEZ RODRÍGUEZ,fernandolebron@hotmail.com,1-606-441-3432x756,CORPORATIVO,580,PICHINCHA,CUENCA,2022-04-06,2026-02-21,2026-02-21 19:17:59.877054
1307,202602,CUS-00308,CÉDULA,0647364488,SILVANO VALENTÍN MENCHACA,guzmanperla@hotmail.com,+41(7)7656124815,WEALTH,342,AZUAY,CUENCA,2025-12-03,2026-02-21,2026-02-21 19:17:59.877054
1308,202602,CUS-00309,CÉDULA,8554897665,DR. VICENTE BARAJAS,aldonza43@hotmail.com,(985)700-2720x634,WEALTH,785,GUAYAS,MANTA,2022-07-19,2026-02-21,2026-02-21 19:17:59.877054
1309,202602,CUS-00310,CÉDULA,4322535238,HERMELINDA PAREDES,julio-cesarlucero@hotmail.com,1-911-238-2965,WEALTH,895,GUAYAS,MANTA,2021-07-09,2026-02-21,2026-02-21 19:17:59.877054
1310,202602,CUS-00311,CÉDULA,4691482853,CLARA ARMENTA ARCHULETA,grijalvamiguel-angel@yahoo.com,1-724-295-4316x526,PYME,350,PICHINCHA,QUITO,2022-10-22,2026-02-21,2026-02-21 19:17:59.877054
1311,202602,CUS-00312,CÉDULA,6754547069,MIGUEL CAMILO CALDERÓN GOLLUM,guajardomodesto@hotmail.com,930-089-3173x420,CORPORATIVO,509,GUAYAS,QUITO,2022-12-10,2026-02-21,2026-02-21 19:17:59.877054
1312,202602,CUS-00313,CÉDULA,9180958033,DR. JULIA RENDÓN,suarezadan@yahoo.com,969-421-5291x086,RETAIL,425,PICHINCHA,CUENCA,2025-10-06,2026-02-21,2026-02-21 19:17:59.877054
1313,202602,CUS-00314,PASAPORTE,P84450082,YURIDIA PAOLA PEREA VILLAGÓMEZ,cesar69@yahoo.com,1-713-334-4762x639,PYME,791,LOJA,QUITO,2021-07-24,2026-02-21,2026-02-21 19:17:59.877054
1314,202602,CUS-00315,RUC,3087176506001,LINDA VANESA CAMACHO,patricio27@gmail.com,1-436-262-0443,RETAIL,808,MANABÍ,GUAYAQUIL,2021-05-10,2026-02-21,2026-02-21 19:17:59.877054
1315,202602,CUS-00316,CÉDULA,9680188553,SERGIO PANTOJA,villagomezangel@gmail.com,735.971.0725x6366,RETAIL,880,AZUAY,QUITO,2021-11-23,2026-02-21,2026-02-21 19:17:59.877054
1316,202602,CUS-00317,CÉDULA,3420060029,ALONSO JOSÉ EDUARDO GAMBOA QUIROZ,esmeralda00@yahoo.com,941.180.0537x59900,PYME,557,MANABÍ,QUITO,2023-04-14,2026-02-21,2026-02-21 19:17:59.877054
1317,202602,CUS-00318,CÉDULA,3310232790,EUGENIO NARANJO,soledad86@yahoo.com,896-465-2809,PYME,487,MANABÍ,CUENCA,2022-10-24,2026-02-21,2026-02-21 19:17:59.877054
1318,202602,CUS-00319,CÉDULA,1637258007,JOSÉ CARLOS TOVAR MUÑOZ,oborrego@hotmail.com,(428)757-2158,CORPORATIVO,529,LOJA,GUAYAQUIL,2022-01-17,2026-02-21,2026-02-21 19:17:59.877054
1319,202602,CUS-00320,CÉDULA,2404572298,LEONEL LEAL ESPINAL,germanbotello@yahoo.com,(241)502-7456x449,CORPORATIVO,488,GUAYAS,QUITO,2023-04-07,2026-02-21,2026-02-21 19:17:59.877054
1320,202602,CUS-00321,CÉDULA,3361752847,MARÍA ELENA BUSTOS GALINDO,seguraemilia@gmail.com,856-257-2870,WEALTH,714,AZUAY,GUAYAQUIL,2025-08-09,2026-02-21,2026-02-21 19:17:59.877054
1321,202602,CUS-00322,CÉDULA,6762162213,SR(A). AMADOR MERINO,julio-cesar91@yahoo.com,1-203-207-4276,RETAIL,309,GUAYAS,GUAYAQUIL,2024-07-29,2026-02-21,2026-02-21 19:17:59.877054
1322,202602,CUS-00323,CÉDULA,7004405048,CARMEN RAÚL FLÓREZ,dgriego@gmail.com,07075877712,CORPORATIVO,413,MANABÍ,GUAYAQUIL,2024-04-06,2026-02-21,2026-02-21 19:17:59.877054
1323,202602,CUS-00324,CÉDULA,4570182541,PERLA FRANCO VILLA,puentecamilo@yahoo.com,05134228499,WEALTH,375,PICHINCHA,MANTA,2022-07-29,2026-02-21,2026-02-21 19:17:59.877054
1324,202602,CUS-00325,PASAPORTE,P63035666,EUGENIA ISAAC CORDERO,maresyeni@hotmail.com,1-908-926-1371,CORPORATIVO,975,MANABÍ,MANTA,2025-07-08,2026-02-21,2026-02-21 19:17:59.877054
1325,202602,CUS-00326,CÉDULA,2573719887,SR(A). GERÓNIMO COLUNGA,carlaalcala@hotmail.com,1-041-659-1520,PYME,801,GUAYAS,MANTA,2022-06-30,2026-02-21,2026-02-21 19:17:59.877054
1326,202602,CUS-00327,CÉDULA,9901594841,PAOLA FIDEL DELGADO,adalbertodavila@yahoo.com,07774905097,CORPORATIVO,384,MANABÍ,MANTA,2023-08-21,2026-02-21,2026-02-21 19:17:59.877054
1327,202602,CUS-00328,CÉDULA,9380062918,VIRGINIA ALVAREZ CEJA,octavio84@gmail.com,1-923-045-0189,RETAIL,348,PICHINCHA,CUENCA,2022-12-26,2026-02-21,2026-02-21 19:17:59.877054
1328,202602,CUS-00329,CÉDULA,2179559665,JORGE GRANADOS VILLALOBOS,carmen41@gmail.com,164-236-1032x664,CORPORATIVO,794,LOJA,QUITO,2022-06-19,2026-02-21,2026-02-21 19:17:59.877054
1329,202602,CUS-00330,CÉDULA,3853232141,ADRIANA DELIA JAIMES ÁVILA,luis-miguel48@gmail.com,214-764-9251x58377,RETAIL,988,GUAYAS,MANTA,2025-09-04,2026-02-21,2026-02-21 19:17:59.877054
1330,202602,CUS-00331,CÉDULA,5259805831,LUCÍA OLIVIA CARRERA,reynaldo17@yahoo.com,749-961-6592x661,PYME,686,MANABÍ,CUENCA,2025-02-18,2026-02-21,2026-02-21 19:17:59.877054
1331,202602,CUS-00332,CÉDULA,3029894524,MARTÍN RANGEL NÁJERA,anabel79@gmail.com,+85(7)3278814761,RETAIL,688,GUAYAS,QUITO,2025-01-31,2026-02-21,2026-02-21 19:17:59.877054
1332,202602,CUS-00333,CÉDULA,7531800360,ING. BIANCA RAZO,cristina41@hotmail.com,422.438.6490x810,CORPORATIVO,517,LOJA,MANTA,2025-06-13,2026-02-21,2026-02-21 19:17:59.877054
1333,202602,CUS-00334,CÉDULA,8320938955,DR. SESSA ARMAS,gilnancy@gmail.com,186-617-9454x9180,WEALTH,645,MANABÍ,QUITO,2026-01-11,2026-02-21,2026-02-21 19:17:59.877054
1334,202602,CUS-00335,CÉDULA,0915123483,MTRO. MARÍA JOSÉ ANGULO,alcalafelipe@gmail.com,07226016459,PYME,529,MANABÍ,MANTA,2025-01-11,2026-02-21,2026-02-21 19:17:59.877054
1335,202602,CUS-00336,CÉDULA,8927088913,MAURO PADILLA POLANCO,ynarvaez@gmail.com,779.452.3219x41680,CORPORATIVO,554,GUAYAS,CUENCA,2021-11-14,2026-02-21,2026-02-21 19:17:59.877054
1336,202602,CUS-00337,RUC,7604630841001,MITZY QUIROZ BENAVIDES,alejandrouribe@hotmail.com,+61(0)2776974995,PYME,535,GUAYAS,GUAYAQUIL,2021-11-16,2026-02-21,2026-02-21 19:17:59.877054
1337,202602,CUS-00338,CÉDULA,7129016915,INÉS ZÚÑIGA CORDERO,ugarrido@gmail.com,1-641-220-3103x03723,PYME,325,PICHINCHA,GUAYAQUIL,2023-05-17,2026-02-21,2026-02-21 19:17:59.877054
1338,202602,CUS-00339,CÉDULA,2372950677,CARMEN LAUREANO VIGIL,rmaya@gmail.com,(831)472-7601x227,CORPORATIVO,883,LOJA,QUITO,2025-02-14,2026-02-21,2026-02-21 19:17:59.877054
1339,202602,CUS-00340,CÉDULA,2908586005,MTRO. JUANA ZAMBRANO,carla80@gmail.com,707.933.4960x501,CORPORATIVO,560,PICHINCHA,CUENCA,2026-01-08,2026-02-21,2026-02-21 19:17:59.877054
1340,202602,CUS-00341,CÉDULA,4817419597,MTRO. MARÍA ELENA SANTIAGO,noemiarredondo@yahoo.com,667-998-4076x78997,WEALTH,570,MANABÍ,GUAYAQUIL,2025-03-19,2026-02-21,2026-02-21 19:17:59.877054
1341,202602,CUS-00342,CÉDULA,3141159835,LIC. BERTA CARRERO,riveroguillermina@yahoo.com,080.695.8146,PYME,422,GUAYAS,MANTA,2021-09-14,2026-02-21,2026-02-21 19:17:59.877054
1342,202602,CUS-00343,CÉDULA,6573062518,DR. LUIS MANUEL RAZO,asuncion87@gmail.com,179.576.0243x757,PYME,955,MANABÍ,GUAYAQUIL,2023-04-11,2026-02-21,2026-02-21 19:17:59.877054
1343,202602,CUS-00344,CÉDULA,0554409416,LILIANA IVONNE RENDÓN,elvira49@yahoo.com,839.597.2466,CORPORATIVO,556,MANABÍ,QUITO,2024-10-09,2026-02-21,2026-02-21 19:17:59.877054
1344,202602,CUS-00345,CÉDULA,2322340379,LINDA CADENA,marisolnegrete@hotmail.com,(572)934-1722x32971,RETAIL,955,AZUAY,QUITO,2021-11-11,2026-02-21,2026-02-21 19:17:59.877054
1345,202602,CUS-00346,CÉDULA,6849378664,LUIS HUMBERTO HERRERA NORIEGA,uestevez@hotmail.com,(743)380-0545x228,CORPORATIVO,720,AZUAY,CUENCA,2022-10-03,2026-02-21,2026-02-21 19:17:59.877054
1346,202602,CUS-00347,CÉDULA,3909960048,MARIO ÁNGEL BUSTOS,cornelioaguayo@yahoo.com,+15(6)1931837455,PYME,558,MANABÍ,QUITO,2021-10-11,2026-02-21,2026-02-21 19:17:59.877054
1347,202602,CUS-00348,CÉDULA,5226585496,AURELIO PRECIADO CALDERA,gonzalespatricia@yahoo.com,+84(2)8910771199,CORPORATIVO,346,GUAYAS,GUAYAQUIL,2024-12-23,2026-02-21,2026-02-21 19:17:59.877054
1348,202602,CUS-00349,CÉDULA,0628584636,CATALINA PILAR BALDERAS VILLA,mezaabel@hotmail.com,08081213524,WEALTH,824,MANABÍ,GUAYAQUIL,2022-11-26,2026-02-21,2026-02-21 19:17:59.877054
1349,202602,CUS-00350,CÉDULA,0674145155,ING. ISAAC CASILLAS,gmaldonado@gmail.com,1-787-125-5213x76037,RETAIL,507,AZUAY,GUAYAQUIL,2023-08-11,2026-02-21,2026-02-21 19:17:59.877054
1350,202602,CUS-00351,CÉDULA,0092992318,JOAQUÍN PIÑA,lourdessalazar@gmail.com,1-482-145-6532,CORPORATIVO,610,GUAYAS,GUAYAQUIL,2023-07-19,2026-02-21,2026-02-21 19:17:59.877054
1351,202602,CUS-00352,RUC,9665257780001,GRACIELA ZAPATA MARRERO,gilbertocaban@gmail.com,632-666-7850x7208,WEALTH,448,MANABÍ,CUENCA,2026-01-02,2026-02-21,2026-02-21 19:17:59.877054
1352,202602,CUS-00353,CÉDULA,0229790112,BERNARDO REYNALDO SARABIA GALINDO,nicolaspaz@hotmail.com,01556260602,PYME,737,LOJA,MANTA,2024-02-24,2026-02-21,2026-02-21 19:17:59.877054
1353,202602,CUS-00354,CÉDULA,5010467906,VÍCTOR MAURICIO GARRIDO,maria-jose19@gmail.com,1-084-668-4550x4892,CORPORATIVO,454,LOJA,MANTA,2024-04-28,2026-02-21,2026-02-21 19:17:59.877054
1354,202602,CUS-00355,CÉDULA,4902690640,JERÓNIMO VALADEZ NAZARIO,teodoroorta@gmail.com,1-673-899-7563x41085,PYME,977,MANABÍ,CUENCA,2021-10-30,2026-02-21,2026-02-21 19:17:59.877054
1355,202602,CUS-00356,CÉDULA,0082498587,GERMÁN VELA GASTÉLUM,pugawilfrido@gmail.com,288-431-8848x520,WEALTH,389,GUAYAS,QUITO,2025-11-10,2026-02-21,2026-02-21 19:17:59.877054
1356,202602,CUS-00357,CÉDULA,7085822586,RAMIRO VALDÉS,guillermoibarra@yahoo.com,+89(4)3468105485,PYME,997,MANABÍ,MANTA,2025-09-30,2026-02-21,2026-02-21 19:17:59.877054
1357,202602,CUS-00358,CÉDULA,2218248712,SANDRA JARAMILLO ANAYA,umena@yahoo.com,00174907539,WEALTH,657,MANABÍ,QUITO,2023-01-21,2026-02-21,2026-02-21 19:17:59.877054
1358,202602,CUS-00359,RUC,1755873380001,GEORGINA HORACIO MOJICA,eugenia13@gmail.com,1-893-544-9268x3158,WEALTH,473,AZUAY,MANTA,2023-11-20,2026-02-21,2026-02-21 19:17:59.877054
1359,202602,CUS-00360,CÉDULA,1153922257,ABRAHAM DOLORES COLLAZO VALLES,cortesbernabe@gmail.com,1-357-126-6110x6273,WEALTH,516,LOJA,QUITO,2023-11-01,2026-02-21,2026-02-21 19:17:59.877054
1360,202602,CUS-00361,CÉDULA,6339108178,ÁNGELA COLLADO,urobledo@yahoo.com,1-158-698-8649x767,CORPORATIVO,755,AZUAY,CUENCA,2023-08-08,2026-02-21,2026-02-21 19:17:59.877054
1361,202602,CUS-00362,CÉDULA,3789946930,AURORA TAMEZ GALVÁN,tellojorge@gmail.com,1-762-282-7728x81377,PYME,908,AZUAY,GUAYAQUIL,2023-10-27,2026-02-21,2026-02-21 19:17:59.877054
1362,202602,CUS-00363,CÉDULA,2426859062,LOURDES RENDÓN,dmanzanares@yahoo.com,+28(5)1961159408,PYME,928,MANABÍ,QUITO,2022-04-16,2026-02-21,2026-02-21 19:17:59.877054
1363,202602,CUS-00364,CÉDULA,4939445995,CRISTINA JOSÉ EDUARDO MARRERO MELÉNDEZ,bustamantecristina@hotmail.com,154-544-7022,RETAIL,498,AZUAY,GUAYAQUIL,2021-07-22,2026-02-21,2026-02-21 19:17:59.877054
1364,202602,CUS-00365,RUC,7787190911001,ING. ARTURO ÁVILA,salvador03@yahoo.com,1-604-432-7018x5106,RETAIL,785,LOJA,QUITO,2024-09-18,2026-02-21,2026-02-21 19:17:59.877054
1365,202602,CUS-00366,CÉDULA,2961058252,CRISTINA SERAFÍN ARROYO,auroraguzman@yahoo.com,949.756.7922x877,RETAIL,832,AZUAY,QUITO,2023-10-10,2026-02-21,2026-02-21 19:17:59.877054
1366,202602,CUS-00367,PASAPORTE,P04936596,GEORGINA QUINTERO PINEDA,dserna@hotmail.com,(725)199-6636x58074,RETAIL,499,LOJA,QUITO,2025-01-08,2026-02-21,2026-02-21 19:17:59.877054
1367,202602,CUS-00368,RUC,4366573943001,SAMUEL QUINTANILLA,francisca20@yahoo.com,120-948-1813x98909,PYME,670,AZUAY,QUITO,2025-03-13,2026-02-21,2026-02-21 19:17:59.877054
1368,202602,CUS-00369,CÉDULA,0704554247,GEORGINA GALVÁN,vvaladez@hotmail.com,378-018-2043x3971,WEALTH,747,LOJA,QUITO,2022-03-27,2026-02-21,2026-02-21 19:17:59.877054
1369,202602,CUS-00370,CÉDULA,1587776751,SR(A). JAIME POSADA,barbararios@gmail.com,(956)907-0562x6085,WEALTH,547,AZUAY,GUAYAQUIL,2021-07-29,2026-02-21,2026-02-21 19:17:59.877054
1370,202602,CUS-00371,CÉDULA,1705539220,GLORIA VILLASEÑOR RUIZ,carlosalcala@gmail.com,411-182-4224x124,CORPORATIVO,563,AZUAY,QUITO,2022-12-12,2026-02-21,2026-02-21 19:17:59.877054
1371,202602,CUS-00372,CÉDULA,2342542557,MTRO. AMALIA GARAY,catalinafajardo@yahoo.com,(209)520-0461x526,WEALTH,357,GUAYAS,GUAYAQUIL,2022-02-26,2026-02-21,2026-02-21 19:17:59.877054
1372,202602,CUS-00373,CÉDULA,1036922449,RUFINO BACA,sonia19@hotmail.com,1-461-033-9937,PYME,601,LOJA,CUENCA,2025-05-24,2026-02-21,2026-02-21 19:17:59.877054
1373,202602,CUS-00374,CÉDULA,2832198326,EMILIA MADERA GALARZA,antonio01@gmail.com,861-405-7861x7063,PYME,330,LOJA,MANTA,2022-12-14,2026-02-21,2026-02-21 19:17:59.877054
1374,202602,CUS-00375,CÉDULA,7164424135,FLORENCIA GREGORIO MENCHACA,fcazares@yahoo.com,+48(9)1382496718,PYME,797,LOJA,QUITO,2023-07-05,2026-02-21,2026-02-21 19:17:59.877054
1375,202602,CUS-00376,CÉDULA,0935816517,ABRAHAM SALINAS POSADA,ariasmaria-teresa@gmail.com,1-258-238-6870,CORPORATIVO,548,PICHINCHA,MANTA,2021-10-22,2026-02-21,2026-02-21 19:17:59.877054
1376,202602,CUS-00377,RUC,6446888595001,CATALINA JUAN TEJADA,renatoprieto@hotmail.com,+79(4)2007494653,RETAIL,904,AZUAY,GUAYAQUIL,2021-09-09,2026-02-21,2026-02-21 19:17:59.877054
1377,202602,CUS-00378,CÉDULA,2063075510,MÓNICA RAFAÉL MORENO,bsalgado@yahoo.com,1-840-289-1416x1284,WEALTH,570,LOJA,CUENCA,2025-09-12,2026-02-21,2026-02-21 19:17:59.877054
1378,202602,CUS-00379,RUC,1310675352001,LEONEL ARIAS PULIDO,wde-leon@gmail.com,(398)554-7435x537,PYME,905,PICHINCHA,CUENCA,2022-12-11,2026-02-21,2026-02-21 19:17:59.877054
1379,202602,CUS-00380,CÉDULA,7914051359,MARÍA LUISA BERNAL MARROQUÍN,gerardolemus@yahoo.com,502.097.0026x8768,PYME,965,GUAYAS,CUENCA,2025-05-21,2026-02-21,2026-02-21 19:17:59.877054
1380,202602,CUS-00381,CÉDULA,7753779033,LIC. RENATO PALACIOS,aldoguillen@hotmail.com,01807156956,RETAIL,693,LOJA,MANTA,2025-01-12,2026-02-21,2026-02-21 19:17:59.877054
1381,202602,CUS-00382,CÉDULA,6674678223,GREGORIO CARRERO,modesto68@yahoo.com,(017)537-0304,PYME,801,LOJA,GUAYAQUIL,2021-11-01,2026-02-21,2026-02-21 19:17:59.877054
1382,202602,CUS-00383,CÉDULA,4906874364,ALEJANDRA MELÉNDEZ,britogilberto@yahoo.com,(531)943-3750x47930,WEALTH,891,PICHINCHA,QUITO,2023-06-11,2026-02-21,2026-02-21 19:17:59.877054
1383,202602,CUS-00384,RUC,6009211691001,SERAFÍN MARÍA LUISA NÁJERA,lourdesfeliciano@hotmail.com,1-614-987-2839,CORPORATIVO,383,AZUAY,QUITO,2025-04-26,2026-02-21,2026-02-21 19:17:59.877054
1384,202602,CUS-00385,CÉDULA,3157934324,MARCO ANTONIO CARABALLO GUERRERO,soniatorrez@gmail.com,(992)192-1249x38430,PYME,664,GUAYAS,GUAYAQUIL,2023-11-24,2026-02-21,2026-02-21 19:17:59.877054
1385,202602,CUS-00386,RUC,8777767779001,ROLANDO PACHECO,emunoz@hotmail.com,1-894-870-6056x64187,WEALTH,848,LOJA,MANTA,2025-10-18,2026-02-21,2026-02-21 19:17:59.877054
1386,202602,CUS-00387,CÉDULA,6033495315,SR(A). LEONARDO MARÍN,kmontanez@hotmail.com,580.304.6875x063,PYME,641,AZUAY,QUITO,2023-03-31,2026-02-21,2026-02-21 19:17:59.877054
1387,202602,CUS-00388,CÉDULA,7765164597,ESTELA ISABELA DE LA GARZA BERMÚDEZ,julia42@gmail.com,1-190-361-3325,RETAIL,706,GUAYAS,GUAYAQUIL,2022-03-12,2026-02-21,2026-02-21 19:17:59.877054
1388,202602,CUS-00389,CÉDULA,7260069869,SR(A). OLGA SEGOVIA,ruben30@yahoo.com,(110)760-9543,PYME,724,MANABÍ,QUITO,2022-04-06,2026-02-21,2026-02-21 19:17:59.877054
1389,202602,CUS-00390,RUC,4718581270001,JAQUELINE JERÓNIMO CORDERO,rodriquezolga@yahoo.com,07350583199,PYME,392,MANABÍ,CUENCA,2024-11-15,2026-02-21,2026-02-21 19:17:59.877054
1390,202602,CUS-00391,PASAPORTE,P96608739,BENJAMÍN CLEMENTE HIDALGO,cristobalcamarillo@gmail.com,1-179-110-0651x207,CORPORATIVO,913,GUAYAS,QUITO,2021-09-22,2026-02-21,2026-02-21 19:17:59.877054
1391,202602,CUS-00392,CÉDULA,4185268216,DÉBORA SALVADOR CORRAL,gabrielatejeda@hotmail.com,+49(6)1108046619,RETAIL,711,PICHINCHA,MANTA,2024-08-14,2026-02-21,2026-02-21 19:17:59.877054
1392,202602,CUS-00393,CÉDULA,6387004528,DIANA SALCIDO RIVERA,gaonarene@yahoo.com,(399)076-7699x150,RETAIL,731,GUAYAS,GUAYAQUIL,2021-11-08,2026-02-21,2026-02-21 19:17:59.877054
1393,202602,CUS-00394,CÉDULA,9536785574,ING. MARISOL VALLEJO,debora23@hotmail.com,1-859-311-0919x392,CORPORATIVO,977,GUAYAS,MANTA,2024-10-21,2026-02-21,2026-02-21 19:17:59.877054
1394,202602,CUS-00395,CÉDULA,2251557678,MTRO. SOLEDAD MATA,jorge90@hotmail.com,845-679-7232x00249,PYME,458,PICHINCHA,GUAYAQUIL,2024-08-14,2026-02-21,2026-02-21 19:17:59.877054
1395,202602,CUS-00396,RUC,5292043884001,MARCOS ÁNGEL RODARTE,raquel92@hotmail.com,(854)982-2749x545,WEALTH,313,PICHINCHA,CUENCA,2023-04-06,2026-02-21,2026-02-21 19:17:59.877054
1396,202602,CUS-00397,RUC,9365391033001,SUSANA MADRIGAL,migueltorres@yahoo.com,+89(2)0388065333,RETAIL,672,AZUAY,GUAYAQUIL,2021-05-29,2026-02-21,2026-02-21 19:17:59.877054
1397,202602,CUS-00398,CÉDULA,0530007971,ROSA ANABEL MORA SARABIA,mitzyarchuleta@gmail.com,05377959959,RETAIL,524,AZUAY,QUITO,2021-09-01,2026-02-21,2026-02-21 19:17:59.877054
1398,202602,CUS-00399,CÉDULA,6779640861,HORACIO RIOJAS RAZO,gonzalessalvador@gmail.com,(652)170-7303,PYME,804,PICHINCHA,QUITO,2024-01-18,2026-02-21,2026-02-21 19:17:59.877054
1399,202602,CUS-00400,CÉDULA,5106114460,ANA LUISA NEGRETE LLAMAS,sotomateo@gmail.com,1-379-337-5636x20501,PYME,372,MANABÍ,CUENCA,2023-07-11,2026-02-21,2026-02-21 19:17:59.877054
1400,202602,CUS-00401,CÉDULA,7238394630,VERÓNICA BUSTAMANTE VILLEGAS,sessa32@yahoo.com,081.247.3950,RETAIL,548,MANABÍ,GUAYAQUIL,2024-02-10,2026-02-21,2026-02-21 19:17:59.877054
1401,202602,CUS-00402,RUC,8385021808001,LIC. MARÍA TERESA VERA,irenebahena@gmail.com,+33(4)2342583230,PYME,810,GUAYAS,CUENCA,2021-12-05,2026-02-21,2026-02-21 19:17:59.877054
1402,202602,CUS-00403,CÉDULA,8770792600,SR(A). MARÍA DEL CARMEN VÁZQUEZ,rodrigocollado@gmail.com,(410)261-5347,WEALTH,902,LOJA,QUITO,2021-11-15,2026-02-21,2026-02-21 19:17:59.877054
1403,202602,CUS-00404,RUC,9447675515001,INÉS SALMA ROLÓN,antonia56@hotmail.com,552.896.1122,RETAIL,515,GUAYAS,MANTA,2021-11-05,2026-02-21,2026-02-21 19:17:59.877054
1404,202602,CUS-00405,CÉDULA,4257802270,DR. ANEL RAYA,miramonteshermelinda@yahoo.com,1-386-559-6309,WEALTH,901,GUAYAS,CUENCA,2022-05-13,2026-02-21,2026-02-21 19:17:59.877054
1405,202602,CUS-00406,RUC,4217260527001,JACOBO BRAVO SANTANA,cristinaquesada@hotmail.com,1-384-253-0428x9731,WEALTH,840,LOJA,MANTA,2021-03-14,2026-02-21,2026-02-21 19:17:59.877054
1406,202602,CUS-00407,CÉDULA,5156423359,ALFREDO FERNANDO QUEZADA,lmateo@hotmail.com,912.868.5787x255,PYME,519,PICHINCHA,MANTA,2025-04-18,2026-02-21,2026-02-21 19:17:59.877054
1407,202602,CUS-00408,CÉDULA,0393908362,OFELIA SOLORZANO,esparta92@yahoo.com,777-496-9033x3736,WEALTH,520,MANABÍ,GUAYAQUIL,2023-03-22,2026-02-21,2026-02-21 19:17:59.877054
1408,202602,CUS-00409,RUC,9277091707001,DR. JOSÉ NIEVES,guadalupe22@hotmail.com,1-466-925-4812,PYME,688,GUAYAS,CUENCA,2024-12-19,2026-02-21,2026-02-21 19:17:59.877054
1409,202602,CUS-00410,CÉDULA,7135877681,JULIA LUCAS MIRELES ZAMORA,vegajulio-cesar@hotmail.com,04785390789,CORPORATIVO,853,LOJA,MANTA,2023-06-28,2026-02-21,2026-02-21 19:17:59.877054
1410,202602,CUS-00411,CÉDULA,2975989379,SUSANA MESA BARRAZA,echeverriasalvador@yahoo.com,1-677-665-7546,PYME,946,AZUAY,MANTA,2021-11-02,2026-02-21,2026-02-21 19:17:59.877054
1411,202602,CUS-00412,PASAPORTE,P22742902,BARBARA PORFIRIO OLVERA LIMÓN,timoteovalles@gmail.com,+27(3)4151488814,WEALTH,341,GUAYAS,GUAYAQUIL,2023-10-11,2026-02-21,2026-02-21 19:17:59.877054
1412,202602,CUS-00413,PASAPORTE,P84916136,VÍCTOR SALVADOR CORNEJO MERINO,vcisneros@hotmail.com,111.508.3535,CORPORATIVO,975,MANABÍ,GUAYAQUIL,2025-11-19,2026-02-21,2026-02-21 19:17:59.877054
1413,202602,CUS-00414,CÉDULA,3660581294,RODOLFO CISNEROS MONTEZ,granadosjavier@yahoo.com,443-928-4044,PYME,582,PICHINCHA,QUITO,2023-06-29,2026-02-21,2026-02-21 19:17:59.877054
1414,202602,CUS-00415,CÉDULA,8303540359,VANESA WILFRIDO OROSCO CEBALLOS,teresabueno@hotmail.com,669.078.2633,WEALTH,357,GUAYAS,MANTA,2024-10-02,2026-02-21,2026-02-21 19:17:59.877054
1415,202602,CUS-00416,CÉDULA,9384789450,SR(A). HORACIO VALDIVIA,marisela04@gmail.com,373.898.7751x53663,RETAIL,836,GUAYAS,QUITO,2023-05-12,2026-02-21,2026-02-21 19:17:59.877054
1416,202602,CUS-00417,CÉDULA,6314257627,TRINIDAD MÉNDEZ,angelmontez@yahoo.com,1-780-529-2407x553,RETAIL,372,LOJA,MANTA,2024-05-13,2026-02-21,2026-02-21 19:17:59.877054
1417,202602,CUS-00418,CÉDULA,1983076494,YURIDIA OLIVIA CABÁN,abreuamanda@yahoo.com,(668)459-0902x259,PYME,428,AZUAY,QUITO,2021-03-16,2026-02-21,2026-02-21 19:17:59.877054
1418,202602,CUS-00419,CÉDULA,6475481072,NANCY NÁJERA,kperea@yahoo.com,999-663-6186x37159,PYME,898,AZUAY,GUAYAQUIL,2021-09-11,2026-02-21,2026-02-21 19:17:59.877054
1419,202602,CUS-00420,CÉDULA,6975986947,JOS MARES DUEÑAS,wochoa@hotmail.com,1-412-182-0970x231,RETAIL,725,PICHINCHA,CUENCA,2021-06-09,2026-02-21,2026-02-21 19:17:59.877054
1420,202602,CUS-00421,CÉDULA,1638065740,JACINTO MERCEDES ESPINOSA,ecampos@hotmail.com,433-481-7058x025,WEALTH,964,MANABÍ,GUAYAQUIL,2024-05-08,2026-02-21,2026-02-21 19:17:59.877054
1421,202602,CUS-00422,CÉDULA,0895940552,CITLALI CRISTAL BERNAL,daliarazo@gmail.com,(621)286-7163x234,WEALTH,993,PICHINCHA,QUITO,2024-02-28,2026-02-21,2026-02-21 19:17:59.877054
1422,202602,CUS-00423,CÉDULA,7005905052,BENITO NATIVIDAD TIRADO SOTO,lozanoalejandra@yahoo.com,(729)949-3874x302,WEALTH,424,GUAYAS,QUITO,2022-01-03,2026-02-21,2026-02-21 19:17:59.877054
1423,202602,CUS-00424,CÉDULA,7504725459,VIRGINIA MIRAMONTES CEJA,bernardo15@gmail.com,1-169-385-9777x901,PYME,366,GUAYAS,CUENCA,2021-12-09,2026-02-21,2026-02-21 19:17:59.877054
1424,202602,CUS-00425,CÉDULA,0681949355,LIC. CRISTIAN CURIEL,ucruz@gmail.com,(754)692-6329,CORPORATIVO,305,AZUAY,MANTA,2023-02-14,2026-02-21,2026-02-21 19:17:59.877054
1425,202602,CUS-00426,CÉDULA,1130866220,SOFÍA DANIEL QUEZADA,mirelesrosario@hotmail.com,676.291.6032x48413,CORPORATIVO,936,MANABÍ,QUITO,2023-04-04,2026-02-21,2026-02-21 19:17:59.877054
1426,202602,CUS-00427,CÉDULA,2233297706,LILIA NAVA GRANADOS,bangulo@hotmail.com,681.511.8567x243,CORPORATIVO,613,LOJA,QUITO,2025-11-18,2026-02-21,2026-02-21 19:17:59.877054
1427,202602,CUS-00428,RUC,1023594373001,SANTIAGO LINARES,samuelpuente@gmail.com,070-176-5636x0041,CORPORATIVO,625,MANABÍ,QUITO,2023-05-30,2026-02-21,2026-02-21 19:17:59.877054
1428,202602,CUS-00429,CÉDULA,9125778617,EUGENIA TEJEDA,camposisabel@gmail.com,1-257-771-1837x27422,CORPORATIVO,864,GUAYAS,CUENCA,2024-09-11,2026-02-21,2026-02-21 19:17:59.877054
1429,202602,CUS-00430,CÉDULA,6726982951,HORACIO MARIANO ESQUIBEL,lucasurrutia@hotmail.com,+91(2)4186210427,PYME,877,LOJA,GUAYAQUIL,2022-06-06,2026-02-21,2026-02-21 19:17:59.877054
1430,202602,CUS-00431,CÉDULA,1446164579,REINA MARCOS RIOJAS LERMA,virginia44@gmail.com,230.837.0816,PYME,805,MANABÍ,QUITO,2024-01-01,2026-02-21,2026-02-21 19:17:59.877054
1431,202602,CUS-00432,CÉDULA,3659179849,NADIA SUÁREZ,arroyolaura@hotmail.com,1-470-900-6335x33106,CORPORATIVO,381,MANABÍ,CUENCA,2022-09-02,2026-02-21,2026-02-21 19:17:59.877054
1432,202602,CUS-00433,CÉDULA,3572903308,CYNTHIA FELICIANO,dcorrales@yahoo.com,+05(3)1312206815,PYME,898,LOJA,QUITO,2022-04-11,2026-02-21,2026-02-21 19:17:59.877054
1433,202602,CUS-00434,CÉDULA,2457525035,DR. FIDEL ÁVILA,ponceasuncion@yahoo.com,1-839-386-6133,PYME,301,GUAYAS,MANTA,2025-10-18,2026-02-21,2026-02-21 19:17:59.877054
1434,202602,CUS-00435,CÉDULA,6928601088,JOSÉ EMILIO URRUTIA,gfeliciano@gmail.com,05520650637,CORPORATIVO,503,MANABÍ,CUENCA,2022-07-01,2026-02-21,2026-02-21 19:17:59.877054
1435,202602,CUS-00436,CÉDULA,6924368178,NOEMÍ CASTELLANOS LINARES,davidlovato@gmail.com,149.501.3649,WEALTH,961,LOJA,QUITO,2021-08-06,2026-02-21,2026-02-21 19:17:59.877054
1436,202602,CUS-00437,CÉDULA,9989688231,CYNTHIA LABOY RASCÓN,tcarrillo@yahoo.com,189.241.9562x525,PYME,703,GUAYAS,CUENCA,2023-01-10,2026-02-21,2026-02-21 19:17:59.877054
1437,202602,CUS-00438,RUC,9244566018001,DR. MARCO ANTONIO BUSTOS,qsaenz@yahoo.com,(715)099-7683x89030,WEALTH,402,LOJA,QUITO,2025-11-23,2026-02-21,2026-02-21 19:17:59.877054
1438,202602,CUS-00439,CÉDULA,9150212495,MARÍA DEL CARMEN JAQUELINE AMADOR,tovarjulia@gmail.com,143.639.1025x7432,PYME,835,LOJA,GUAYAQUIL,2024-11-08,2026-02-21,2026-02-21 19:17:59.877054
1439,202602,CUS-00440,CÉDULA,8936519766,ANA ORTIZ,juana52@yahoo.com,303-975-2450x864,PYME,667,MANABÍ,QUITO,2023-02-21,2026-02-21,2026-02-21 19:17:59.877054
1440,202602,CUS-00441,CÉDULA,7007347493,MTRO. EUGENIO OLVERA,irizarrymarcos@yahoo.com,+35(5)3380339685,CORPORATIVO,511,GUAYAS,CUENCA,2021-06-02,2026-02-21,2026-02-21 19:17:59.877054
1441,202602,CUS-00442,PASAPORTE,P54696342,JOSÉ LUIS GARRIDO AMAYA,espartaco49@gmail.com,(701)713-0232,PYME,876,MANABÍ,MANTA,2023-02-06,2026-02-21,2026-02-21 19:17:59.877054
1442,202602,CUS-00443,CÉDULA,3329446338,BERTA VIOLETA MEZA CONCEPCIÓN,yenicalderon@gmail.com,02983381674,RETAIL,508,PICHINCHA,MANTA,2025-04-02,2026-02-21,2026-02-21 19:17:59.877054
1443,202602,CUS-00444,CÉDULA,5315145326,ALFONSO GONZALO RODRÍQUEZ,patricia69@gmail.com,(336)293-4497,RETAIL,416,PICHINCHA,MANTA,2026-01-08,2026-02-21,2026-02-21 19:17:59.877054
1444,202602,CUS-00445,RUC,1535333862001,MARIANO MARISOL ADAME,ontiverosoctavio@yahoo.com,347-156-6277x68962,CORPORATIVO,927,GUAYAS,QUITO,2024-03-01,2026-02-21,2026-02-21 19:17:59.877054
1445,202602,CUS-00446,RUC,2553838311001,AIDA HIDALGO GALVÁN,pvega@yahoo.com,066.149.8282x467,WEALTH,777,LOJA,GUAYAQUIL,2021-07-11,2026-02-21,2026-02-21 19:17:59.877054
1446,202602,CUS-00447,PASAPORTE,P43645931,PASCUAL SANDRA SUÁREZ,arcelia60@hotmail.com,(746)897-1527,WEALTH,404,MANABÍ,QUITO,2024-08-08,2026-02-21,2026-02-21 19:17:59.877054
1447,202602,CUS-00448,CÉDULA,9896329284,BLANCA LOMELI,carlarangel@gmail.com,1-230-085-7666,WEALTH,794,MANABÍ,MANTA,2023-07-12,2026-02-21,2026-02-21 19:17:59.877054
1448,202602,CUS-00449,CÉDULA,2413911706,HERMELINDA CARLOS ARREOLA,ericespinoza@gmail.com,567.491.6016x92364,RETAIL,345,GUAYAS,CUENCA,2024-05-27,2026-02-21,2026-02-21 19:17:59.877054
1449,202602,CUS-00450,CÉDULA,4706436910,LOURDES TIMOTEO REYNA,pinaarcelia@hotmail.com,587.506.6337x05024,WEALTH,630,GUAYAS,MANTA,2023-03-02,2026-02-21,2026-02-21 19:17:59.877054
1450,202602,CUS-00451,CÉDULA,0049619732,BLANCA SANABRIA ZAMBRANO,oferrer@gmail.com,724.399.2011x6691,WEALTH,515,PICHINCHA,CUENCA,2023-01-16,2026-02-21,2026-02-21 19:17:59.877054
1451,202602,CUS-00452,CÉDULA,9712290510,SR(A). SUSANA SERRATO,indira11@yahoo.com,362-644-8869x4611,CORPORATIVO,791,AZUAY,GUAYAQUIL,2021-05-30,2026-02-21,2026-02-21 19:17:59.877054
1452,202602,CUS-00453,CÉDULA,1535899707,DR. CLAUDIO LOVATO,uurias@yahoo.com,952-436-4027x01168,WEALTH,748,GUAYAS,CUENCA,2022-12-30,2026-02-21,2026-02-21 19:17:59.877054
1453,202602,CUS-00454,RUC,8594558318001,ABEL MORALES,yalcala@hotmail.com,(462)252-2372x817,RETAIL,835,AZUAY,QUITO,2023-04-06,2026-02-21,2026-02-21 19:17:59.877054
1454,202602,CUS-00455,CÉDULA,1981789898,REINA LORENA ESCOBAR,acarreon@gmail.com,1-323-023-4679x1214,RETAIL,810,GUAYAS,QUITO,2022-06-28,2026-02-21,2026-02-21 19:17:59.877054
1455,202602,CUS-00456,CÉDULA,1361023751,OFELIA MURO BARRETO,raquelvillalobos@hotmail.com,06141509377,RETAIL,757,LOJA,QUITO,2021-08-29,2026-02-21,2026-02-21 19:17:59.877054
1456,202602,CUS-00457,CÉDULA,8143674941,ING. NATIVIDAD SARABIA,caraballoramon@gmail.com,(100)409-0138x06984,CORPORATIVO,846,LOJA,CUENCA,2022-12-14,2026-02-21,2026-02-21 19:17:59.877054
1457,202602,CUS-00458,CÉDULA,7195753353,SR(A). JULIO RODRÍGEZ,omar56@yahoo.com,759.655.5535x669,CORPORATIVO,835,PICHINCHA,QUITO,2025-01-12,2026-02-21,2026-02-21 19:17:59.877054
1458,202602,CUS-00459,CÉDULA,7803315264,TERESA ONTIVEROS NIÑO,kruelas@hotmail.com,+55(1)0762091843,PYME,839,PICHINCHA,QUITO,2022-10-25,2026-02-21,2026-02-21 19:17:59.877054
1459,202602,CUS-00460,CÉDULA,3472650660,ADRIANA JONÁS BARRETO MONTAÑO,larchuleta@yahoo.com,797.863.0505,WEALTH,783,AZUAY,QUITO,2022-05-03,2026-02-21,2026-02-21 19:17:59.877054
1460,202602,CUS-00461,CÉDULA,8514367042,VÍCTOR SOLEDAD CANO,ncolon@hotmail.com,+57(3)9769156716,CORPORATIVO,315,GUAYAS,GUAYAQUIL,2021-12-14,2026-02-21,2026-02-21 19:17:59.877054
1461,202602,CUS-00462,CÉDULA,0256732485,MTRO. CECILIA ARMENDÁRIZ,zarellano@yahoo.com,(932)898-0271,RETAIL,870,MANABÍ,CUENCA,2021-09-02,2026-02-21,2026-02-21 19:17:59.877054
1462,202602,CUS-00463,CÉDULA,8514876036,PATRICIO IVONNE DEL RÍO RIVERA,amadorroldan@yahoo.com,(872)717-8333,RETAIL,542,PICHINCHA,CUENCA,2022-03-14,2026-02-21,2026-02-21 19:17:59.877054
1463,202602,CUS-00464,CÉDULA,6575923209,SUSANA ECHEVERRÍA,alejandra54@yahoo.com,(116)025-6434,CORPORATIVO,506,MANABÍ,MANTA,2021-03-12,2026-02-21,2026-02-21 19:17:59.877054
1464,202602,CUS-00465,PASAPORTE,P40013572,ANDREA MARÍA JOSÉ ARCE,mitzy13@gmail.com,(712)871-5399x15668,CORPORATIVO,570,MANABÍ,CUENCA,2025-09-08,2026-02-21,2026-02-21 19:17:59.877054
1465,202602,CUS-00466,CÉDULA,0224338632,ELOY ALVARO FELICIANO ARGUELLO,margarita54@hotmail.com,(334)141-1159x319,CORPORATIVO,414,GUAYAS,GUAYAQUIL,2022-01-29,2026-02-21,2026-02-21 19:17:59.877054
1466,202602,CUS-00467,CÉDULA,5258534527,HORACIO NOELIA OTERO TÓRREZ,pzedillo@gmail.com,256.904.0983,PYME,879,AZUAY,CUENCA,2022-02-23,2026-02-21,2026-02-21 19:17:59.877054
1467,202602,CUS-00468,RUC,3799296837001,FLAVIO ARCE,margaritagalarza@yahoo.com,655-289-9316x087,RETAIL,598,GUAYAS,GUAYAQUIL,2025-10-14,2026-02-21,2026-02-21 19:17:59.877054
1468,202602,CUS-00469,CÉDULA,2626995125,GONZALO JONÁS ARREOLA,xsevilla@gmail.com,1-243-772-9420,PYME,782,PICHINCHA,GUAYAQUIL,2022-05-05,2026-02-21,2026-02-21 19:17:59.877054
1469,202602,CUS-00470,PASAPORTE,P35090277,GEORGINA CARLOTA NAZARIO QUESADA,andresmarquez@hotmail.com,548.149.7374x6052,PYME,696,MANABÍ,CUENCA,2021-07-25,2026-02-21,2026-02-21 19:17:59.877054
1470,202602,CUS-00471,CÉDULA,3576638952,MARCOS OLVERA,xcervantez@hotmail.com,1-330-276-4208x65675,WEALTH,693,GUAYAS,MANTA,2023-12-28,2026-02-21,2026-02-21 19:17:59.877054
1471,202602,CUS-00472,PASAPORTE,P44478855,EDUARDO MIRIAM SALINAS NAZARIO,delgadilloelisa@gmail.com,618-443-8612x590,RETAIL,374,GUAYAS,QUITO,2021-05-12,2026-02-21,2026-02-21 19:17:59.877054
1472,202602,CUS-00473,CÉDULA,8353069586,MTRO. ARMANDO PINEDA,haroalonso@yahoo.com,1-472-927-7423x33059,RETAIL,781,GUAYAS,QUITO,2026-01-27,2026-02-21,2026-02-21 19:17:59.877054
1473,202602,CUS-00474,RUC,6189852032001,LUIS MANUEL ZARATE DUEÑAS,muroelvia@yahoo.com,02662015720,CORPORATIVO,402,PICHINCHA,CUENCA,2023-07-23,2026-02-21,2026-02-21 19:17:59.877054
1474,202602,CUS-00475,CÉDULA,0237825945,MTRO. INÉS CANDELARIA,marisol86@hotmail.com,08596263013,CORPORATIVO,596,AZUAY,CUENCA,2021-05-18,2026-02-21,2026-02-21 19:17:59.877054
1475,202602,CUS-00476,PASAPORTE,P39568965,ITZEL LUCERO MALAVE,angulofabiola@yahoo.com,749-261-7647x501,WEALTH,477,GUAYAS,GUAYAQUIL,2021-08-09,2026-02-21,2026-02-21 19:17:59.877054
1476,202602,CUS-00477,CÉDULA,0108998615,SALVADOR POLANCO,cvillegas@gmail.com,01178309997,PYME,514,PICHINCHA,CUENCA,2022-09-06,2026-02-21,2026-02-21 19:17:59.877054
1477,202602,CUS-00478,CÉDULA,3004130359,MARÍA JERÓNIMO RAMÓN,jvilla@yahoo.com,192-676-4921,CORPORATIVO,614,MANABÍ,GUAYAQUIL,2026-01-16,2026-02-21,2026-02-21 19:17:59.877054
1478,202602,CUS-00479,PASAPORTE,P30618277,JESÚS PUGA LAUREANO,dalia41@yahoo.com,1-182-606-8887,CORPORATIVO,338,LOJA,MANTA,2024-11-24,2026-02-21,2026-02-21 19:17:59.877054
1479,202602,CUS-00480,CÉDULA,2313812340,ANTONIO PALOMINO NARVÁEZ,olveraamador@gmail.com,08981312920,RETAIL,558,PICHINCHA,CUENCA,2025-12-07,2026-02-21,2026-02-21 19:17:59.877054
1480,202602,CUS-00481,CÉDULA,6968351319,DR. ALTA  GRACIA COLLAZO,estelagarza@hotmail.com,(751)029-3218x4011,RETAIL,306,LOJA,QUITO,2023-08-22,2026-02-21,2026-02-21 19:17:59.877054
1481,202602,CUS-00482,CÉDULA,4609969557,LIC. ALDO CASTRO,gabrielparra@hotmail.com,458-260-3408x4872,CORPORATIVO,348,GUAYAS,QUITO,2022-09-17,2026-02-21,2026-02-21 19:17:59.877054
1482,202602,CUS-00483,CÉDULA,7524148909,EUGENIO NAVARRO NÁJERA,aguirremario@gmail.com,1-758-598-8310x3032,RETAIL,837,GUAYAS,CUENCA,2023-02-03,2026-02-21,2026-02-21 19:17:59.877054
1483,202602,CUS-00484,CÉDULA,4568546041,RAQUEL APODACA,rubyaguilera@gmail.com,(329)839-5429,WEALTH,460,PICHINCHA,GUAYAQUIL,2022-12-02,2026-02-21,2026-02-21 19:17:59.877054
1484,202602,CUS-00485,CÉDULA,3645126154,DR. MARÍA DEL CARMEN NEVÁREZ,sandra44@yahoo.com,(184)462-6714x628,CORPORATIVO,475,LOJA,QUITO,2021-10-14,2026-02-21,2026-02-21 19:17:59.877054
1485,202602,CUS-00486,RUC,9093130175001,MARÍA ARACELI VELA CHAPA,dmontes@yahoo.com,1-143-598-9262,RETAIL,890,GUAYAS,GUAYAQUIL,2024-07-06,2026-02-21,2026-02-21 19:17:59.877054
1486,202602,CUS-00487,CÉDULA,1598684662,MTRO. LEONEL MARTÍNEZ,marthamadrid@hotmail.com,1-660-931-4181,WEALTH,301,MANABÍ,CUENCA,2022-10-18,2026-02-21,2026-02-21 19:17:59.877054
1487,202602,CUS-00488,CÉDULA,6089546494,FELIX CAMILA ALVAREZ ESCAMILLA,gviera@gmail.com,(861)515-5423x40163,RETAIL,754,AZUAY,CUENCA,2025-08-15,2026-02-21,2026-02-21 19:17:59.877054
1488,202602,CUS-00489,PASAPORTE,P96962292,NORMA ONTIVEROS,ramiro99@yahoo.com,112-849-7185x948,RETAIL,943,AZUAY,QUITO,2023-08-29,2026-02-21,2026-02-21 19:17:59.877054
1489,202602,CUS-00490,RUC,5522776933001,SR(A). FRIDA HURTADO,bianca71@yahoo.com,910-256-2588,RETAIL,575,GUAYAS,CUENCA,2023-08-26,2026-02-21,2026-02-21 19:17:59.877054
1490,202602,CUS-00491,CÉDULA,2427628486,ERNESTO LIRA,timoteo54@yahoo.com,679.240.8222x6940,CORPORATIVO,797,LOJA,MANTA,2025-01-06,2026-02-21,2026-02-21 19:17:59.877054
1491,202602,CUS-00492,CÉDULA,6518570409,ELVIRA CASILLAS,elena28@gmail.com,539.672.7578x44683,PYME,928,GUAYAS,MANTA,2021-04-04,2026-02-21,2026-02-21 19:17:59.877054
1492,202602,CUS-00493,CÉDULA,7708180983,ANTONIA MARÍA CRISTINA DE LEÓN,zapatakarina@hotmail.com,(146)511-1312,RETAIL,975,LOJA,QUITO,2025-02-13,2026-02-21,2026-02-21 19:17:59.877054
1493,202602,CUS-00494,CÉDULA,8654811827,ASUNCIÓN MAYA,clara07@yahoo.com,1-014-870-6827x7881,WEALTH,327,MANABÍ,MANTA,2023-07-11,2026-02-21,2026-02-21 19:17:59.877054
1494,202602,CUS-00495,CÉDULA,8730381297,ANDRÉS PAULINA TORRES LÓPEZ,lourdes66@hotmail.com,093-068-5389x097,CORPORATIVO,632,LOJA,GUAYAQUIL,2025-06-26,2026-02-21,2026-02-21 19:17:59.877054
1495,202602,CUS-00496,CÉDULA,5764835111,CRISTINA TEODORO DELGADO NÁJERA,vergarareina@gmail.com,(832)152-8506,CORPORATIVO,300,GUAYAS,QUITO,2021-04-29,2026-02-21,2026-02-21 19:17:59.877054
1496,202602,CUS-00497,CÉDULA,9611862264,DR. CARLOS FERNÁNDEZ,estela87@hotmail.com,625.153.8144x744,WEALTH,487,MANABÍ,QUITO,2021-12-11,2026-02-21,2026-02-21 19:17:59.877054
1497,202602,CUS-00498,CÉDULA,9578026567,EVA MIGUEL ALVAREZ,natividad42@hotmail.com,1-096-348-0797,RETAIL,355,PICHINCHA,GUAYAQUIL,2024-07-20,2026-02-21,2026-02-21 19:17:59.877054
1498,202602,CUS-00499,PASAPORTE,P52160230,PERLA RENATO NEGRETE ROBLES,guadalupecalderon@yahoo.com,+50(9)7545105265,PYME,846,AZUAY,MANTA,2021-07-13,2026-02-21,2026-02-21 19:17:59.877054
1499,202602,CUS-00500,PASAPORTE,P49212756,DR. SARA BRISEÑO,francisco-javiervaldivia@gmail.com,+16(7)3188261702,RETAIL,411,GUAYAS,MANTA,2024-04-08,2026-02-21,2026-02-21 19:17:59.877054
