codigoSecuencialCliente,codigoPeriodo,codigoIdentificacionCliente,tipoIdentificacionCliente,numeroIdentificacionCliente,nombreCompletoCliente,segmentoCliente,scoreCrediticioCliente,provinciaCliente,ciudadCliente,fechaRegistroCliente,periodo
1000,202602,CUS-00001,CÉDULA,5080432512,ALBERTO LAUREANO GUEVARA,WEALTH,584,GUAYAS,GUAYAQUIL,2024-12-26,2026-02-21
1001,202602,CUS-00002,PASAPORTE,P48197146,CLARA BENJAMÍN TREJO,CORPORATIVO,495,GUAYAS,GUAYAQUIL,2022-05-22,2026-02-21
1002,202602,CUS-00003,CÉDULA,7050104985,ROSA PICHARDO APARICIO,CORPORATIVO,606,MANABÍ,MANTA,2023-06-29,2026-02-21
1003,202602,CUS-00004,CÉDULA,0018204650,AURELIO GAMEZ GONZALES,WEALTH,963,LOJA,QUITO,2023-01-04,2026-02-21
1004,202602,CUS-00005,CÉDULA,4452464449,ING. ALDONZA VALENTÍN,WEALTH,313,GUAYAS,CUENCA,2022-12-17,2026-02-21
1005,202602,CUS-00006,CÉDULA,9204802300,VIOLETA PATRICIO PEREA,WEALTH,445,PICHINCHA,QUITO,2025-08-08,2026-02-21
1006,202602,CUS-00007,CÉDULA,7176991552,MARISOL ROLANDO LEDESMA,PYME,356,PICHINCHA,MANTA,2023-10-28,2026-02-21
1007,202602,CUS-00008,RUC,1054806441001,CRISTOBAL PICHARDO MOLINA,WEALTH,509,LOJA,QUITO,2022-06-27,2026-02-21
1008,202602,CUS-00009,CÉDULA,2651511121,CRISTAL ESMERALDA MIRAMONTES CANALES,RETAIL,828,LOJA,MANTA,2026-02-01,2026-02-21
1009,202602,CUS-00010,CÉDULA,3850769204,JUAN CALDERÓN MUÑOZ,CORPORATIVO,643,MANABÍ,GUAYAQUIL,2024-06-03,2026-02-21
1010,202602,CUS-00011,CÉDULA,3970903741,SALMA GABINO ARMAS RICO,WEALTH,910,AZUAY,CUENCA,2023-05-03,2026-02-21
1011,202602,CUS-00012,PASAPORTE,P54128665,SR(A). JOSÉ MARÍA BERRÍOS,WEALTH,578,PICHINCHA,GUAYAQUIL,2021-11-02,2026-02-21
1012,202602,CUS-00013,RUC,7373782219001,MTRO. SOLEDAD NÁJERA,PYME,508,LOJA,QUITO,2024-11-15,2026-02-21
1013,202602,CUS-00014,CÉDULA,2244195450,DR. ÁNGELA ARMENTA,PYME,940,PICHINCHA,GUAYAQUIL,2021-03-02,2026-02-21
1014,202602,CUS-00015,CÉDULA,4891098988,GREGORIO ARCELIA GONZALES,CORPORATIVO,634,LOJA,CUENCA,2025-07-23,2026-02-21
1015,202602,CUS-00016,CÉDULA,5709307023,JUAN LEDESMA RENDÓN,RETAIL,587,GUAYAS,GUAYAQUIL,2024-09-07,2026-02-21
1016,202602,CUS-00017,CÉDULA,7596719726,DALIA JOSÉ EDUARDO MOTA FUENTES,CORPORATIVO,551,PICHINCHA,CUENCA,2021-09-10,2026-02-21
1017,202602,CUS-00018,CÉDULA,2619522864,VICENTE ANGÉLICA DE LA TORRE TEJEDA,WEALTH,564,GUAYAS,CUENCA,2022-07-25,2026-02-21
1018,202602,CUS-00019,CÉDULA,9680659803,DALIA MARÍA TERESA OJEDA,RETAIL,570,PICHINCHA,GUAYAQUIL,2021-10-22,2026-02-21
1019,202602,CUS-00020,CÉDULA,8392813517,TIMOTEO PORFIRIO GAONA MELÉNDEZ,RETAIL,999,AZUAY,MANTA,2023-03-31,2026-02-21
1020,202602,CUS-00021,CÉDULA,7029845391,ESTELA APARICIO MATA,RETAIL,718,MANABÍ,QUITO,2022-10-18,2026-02-21
1021,202602,CUS-00022,CÉDULA,7548045455,GABRIEL BARRAZA,RETAIL,510,GUAYAS,MANTA,2021-04-18,2026-02-21
1022,202602,CUS-00023,CÉDULA,6376862274,RAQUEL IGNACIO GALINDO,CORPORATIVO,664,LOJA,MANTA,2024-06-21,2026-02-21
1023,202602,CUS-00024,CÉDULA,3751335507,LEONARDO REYNOSO,PYME,375,AZUAY,GUAYAQUIL,2025-11-18,2026-02-21
1024,202602,CUS-00025,CÉDULA,5281792459,GABINO CLARA GURULE,PYME,959,PICHINCHA,QUITO,2025-12-09,2026-02-21
1025,202602,CUS-00026,CÉDULA,5323030095,ING. FRIDA VIERA,WEALTH,620,GUAYAS,QUITO,2026-01-20,2026-02-21
1026,202602,CUS-00027,CÉDULA,4320517946,RODOLFO OZUNA,PYME,732,PICHINCHA,MANTA,2021-09-25,2026-02-21
1027,202602,CUS-00028,CÉDULA,9171304808,ESTEFANÍA CITLALI SAUCEDO SALCIDO,PYME,408,PICHINCHA,GUAYAQUIL,2023-08-02,2026-02-21
1028,202602,CUS-00029,CÉDULA,7562041478,AMANDA CARMONA CORRAL,PYME,940,PICHINCHA,QUITO,2023-08-14,2026-02-21
1029,202602,CUS-00030,CÉDULA,1220757842,LUISA RUBÉN BARELA,PYME,821,MANABÍ,MANTA,2024-07-19,2026-02-21
1030,202602,CUS-00031,CÉDULA,4442938981,JUANA YBARRA,WEALTH,346,MANABÍ,QUITO,2021-10-10,2026-02-21
1031,202602,CUS-00032,CÉDULA,7767250608,ÓLIVER HEREDIA,CORPORATIVO,678,LOJA,GUAYAQUIL,2024-11-23,2026-02-21
1032,202602,CUS-00033,CÉDULA,0061477262,SR(A). CAMILA TERÁN,RETAIL,395,GUAYAS,GUAYAQUIL,2025-01-15,2026-02-21
1033,202602,CUS-00034,RUC,5526279303001,TOMÁS JACINTO CARRASCO LOZADA,PYME,402,AZUAY,GUAYAQUIL,2023-02-20,2026-02-21
1034,202602,CUS-00035,PASAPORTE,P63580460,CRISTINA RENDÓN,CORPORATIVO,445,AZUAY,QUITO,2024-10-08,2026-02-21
1035,202602,CUS-00036,RUC,3519490553001,FRIDA SANCHES DOMÍNGUEZ,PYME,326,AZUAY,CUENCA,2024-11-06,2026-02-21
1036,202602,CUS-00037,CÉDULA,7377431223,SR(A). SOCORRO LUGO,PYME,829,PICHINCHA,QUITO,2025-04-08,2026-02-21
1037,202602,CUS-00038,CÉDULA,3943975576,ING. ELVIA CORRAL,RETAIL,978,MANABÍ,CUENCA,2021-10-18,2026-02-21
1038,202602,CUS-00039,CÉDULA,9971807334,CYNTHIA PAOLA TAMEZ ABREGO,RETAIL,381,GUAYAS,GUAYAQUIL,2025-12-05,2026-02-21
1039,202602,CUS-00040,CÉDULA,7479098527,MTRO. MINERVA ALMARAZ,RETAIL,727,PICHINCHA,MANTA,2025-02-07,2026-02-21
1040,202602,CUS-00041,CÉDULA,8560449356,JOS MALDONADO GRIJALVA,PYME,883,MANABÍ,CUENCA,2021-10-08,2026-02-21
1041,202602,CUS-00042,CÉDULA,8056274848,FABIOLA VALVERDE BERRÍOS,PYME,778,MANABÍ,GUAYAQUIL,2022-11-10,2026-02-21
1042,202602,CUS-00043,CÉDULA,9384982389,MERCEDES BARRIENTOS TEJADA,PYME,461,GUAYAS,GUAYAQUIL,2021-03-16,2026-02-21
1043,202602,CUS-00044,RUC,5161102578001,CAROLINA VICTORIA ROLDÁN,RETAIL,701,GUAYAS,CUENCA,2024-07-24,2026-02-21
1044,202602,CUS-00045,CÉDULA,6354700591,DR. GABINO SUÁREZ,WEALTH,807,GUAYAS,MANTA,2021-05-26,2026-02-21
1045,202602,CUS-00046,CÉDULA,4060380355,LIC. ERIC TIRADO,CORPORATIVO,337,PICHINCHA,GUAYAQUIL,2025-04-16,2026-02-21
1046,202602,CUS-00047,CÉDULA,7060627207,HUGO LEONOR NIÑO,WEALTH,810,LOJA,CUENCA,2023-04-15,2026-02-21
1047,202602,CUS-00048,CÉDULA,2102115015,NOEMÍ RAZO,PYME,692,GUAYAS,MANTA,2024-02-15,2026-02-21
1048,202602,CUS-00049,CÉDULA,2307662992,FERNANDO GARZA BARELA,PYME,793,LOJA,MANTA,2021-03-06,2026-02-21
1049,202602,CUS-00050,CÉDULA,1066167086,ALEJANDRA ROLANDO URRUTIA GODÍNEZ,WEALTH,499,PICHINCHA,GUAYAQUIL,2023-07-17,2026-02-21
1050,202602,CUS-00051,PASAPORTE,P27675842,DR. ABRAHAM BATISTA,PYME,554,LOJA,QUITO,2022-07-20,2026-02-21
1051,202602,CUS-00052,CÉDULA,2071277334,ESTELA BARRETO APARICIO,CORPORATIVO,478,AZUAY,QUITO,2021-07-20,2026-02-21
1052,202602,CUS-00053,RUC,5461696064001,ANGÉLICA NOELIA GRANADOS LEIVA,PYME,846,LOJA,GUAYAQUIL,2023-04-14,2026-02-21
1053,202602,CUS-00054,RUC,2231104391001,ERNESTO TIRADO,CORPORATIVO,893,GUAYAS,MANTA,2024-03-24,2026-02-21
1054,202602,CUS-00055,CÉDULA,2663445814,REINA REYNALDO ROJAS,WEALTH,688,PICHINCHA,GUAYAQUIL,2024-10-14,2026-02-21
1055,202602,CUS-00056,RUC,2395709760001,MARIO LORENZO ESPINAL,WEALTH,697,GUAYAS,CUENCA,2022-01-27,2026-02-21
1056,202602,CUS-00057,CÉDULA,1208718685,BEATRIZ PRADO MORENO,PYME,457,AZUAY,QUITO,2022-07-18,2026-02-21
1057,202602,CUS-00058,CÉDULA,5399164514,LILIA ROBLES,CORPORATIVO,303,GUAYAS,CUENCA,2021-09-18,2026-02-21
1058,202602,CUS-00059,CÉDULA,9385104859,ZACARÍAS CALVILLO BALLESTEROS,PYME,466,GUAYAS,GUAYAQUIL,2022-06-16,2026-02-21
1059,202602,CUS-00060,CÉDULA,6495485718,IVONNE CARDONA,RETAIL,767,GUAYAS,GUAYAQUIL,2024-08-23,2026-02-21
1060,202602,CUS-00061,CÉDULA,4690949150,ELISA ELIAS TERÁN,RETAIL,708,MANABÍ,MANTA,2024-06-21,2026-02-21
1061,202602,CUS-00062,CÉDULA,2432947306,CLARA PICHARDO,RETAIL,711,AZUAY,MANTA,2023-04-15,2026-02-21
1062,202602,CUS-00063,RUC,7251675547001,GERMÁN MARÍA TERESA HARO,RETAIL,503,GUAYAS,MANTA,2023-07-05,2026-02-21
1063,202602,CUS-00064,CÉDULA,0933223018,MARGARITA URBINA CALVILLO,PYME,493,GUAYAS,CUENCA,2025-01-20,2026-02-21
1064,202602,CUS-00065,CÉDULA,9148870087,URIEL TOLEDO ALEJANDRO,RETAIL,534,GUAYAS,MANTA,2021-08-27,2026-02-21
1065,202602,CUS-00066,CÉDULA,9862214251,EVA DE LA CRÚZ PALOMO,CORPORATIVO,449,PICHINCHA,GUAYAQUIL,2024-10-16,2026-02-21
1066,202602,CUS-00067,CÉDULA,2400986072,MAURICIO GALLARDO,WEALTH,458,MANABÍ,MANTA,2024-03-12,2026-02-21
1067,202602,CUS-00068,RUC,7406455781001,ANA MARÍA DE ANDA,WEALTH,578,PICHINCHA,QUITO,2022-01-30,2026-02-21
1068,202602,CUS-00069,CÉDULA,8989960694,ABELARDO ORELLANA,RETAIL,703,MANABÍ,MANTA,2025-05-31,2026-02-21
1069,202602,CUS-00070,PASAPORTE,P59646827,MARÍA ELENA GONZALO PIÑA VALADEZ,RETAIL,977,GUAYAS,CUENCA,2024-04-14,2026-02-21
1070,202602,CUS-00071,CÉDULA,1613621960,CRISTAL ESPINAL,RETAIL,610,AZUAY,QUITO,2021-11-18,2026-02-21
1071,202602,CUS-00072,CÉDULA,7212479666,ESTEBAN ANA LUISA VENEGAS TORRES,PYME,367,LOJA,QUITO,2021-09-28,2026-02-21
1072,202602,CUS-00073,CÉDULA,7035810916,HUMBERTO BÁEZ ARTEAGA,WEALTH,762,LOJA,QUITO,2023-02-23,2026-02-21
1073,202602,CUS-00074,RUC,2916126304001,LIC. NADIA TAMEZ,RETAIL,387,GUAYAS,CUENCA,2022-07-05,2026-02-21
1074,202602,CUS-00075,CÉDULA,8789863400,ANA LUISA NANCY BLANCO,CORPORATIVO,516,PICHINCHA,GUAYAQUIL,2022-02-06,2026-02-21
1075,202602,CUS-00076,CÉDULA,2713148048,ÁNGELA ROSARIO BARRETO,RETAIL,300,AZUAY,MANTA,2021-11-14,2026-02-21
1076,202602,CUS-00077,CÉDULA,0873944567,KARINA CARLA VARGAS,WEALTH,434,MANABÍ,QUITO,2021-03-24,2026-02-21
1077,202602,CUS-00078,CÉDULA,7186337354,RICARDO ROSARIO ARENAS,RETAIL,996,GUAYAS,QUITO,2022-02-19,2026-02-21
1078,202602,CUS-00079,CÉDULA,2918980927,SR(A). LOURDES VERGARA,WEALTH,650,AZUAY,QUITO,2025-06-18,2026-02-21
1079,202602,CUS-00080,CÉDULA,5445608239,ING. IGNACIO IBARRA,RETAIL,439,AZUAY,GUAYAQUIL,2023-01-15,2026-02-21
1080,202602,CUS-00081,RUC,0921107225001,YOLANDA HUMBERTO GRIEGO,CORPORATIVO,917,MANABÍ,GUAYAQUIL,2023-10-07,2026-02-21
1081,202602,CUS-00082,CÉDULA,7883418728,LEONARDO CÉSAR MACÍAS REYNA,RETAIL,432,AZUAY,CUENCA,2024-08-22,2026-02-21
1082,202602,CUS-00083,CÉDULA,2819878417,ANTONIA ABRIL REYNOSO VALLADARES,CORPORATIVO,919,PICHINCHA,GUAYAQUIL,2026-01-15,2026-02-21
1083,202602,CUS-00084,CÉDULA,5749154401,ANTONIA TERRAZAS GALLARDO,CORPORATIVO,477,PICHINCHA,MANTA,2022-04-01,2026-02-21
1084,202602,CUS-00085,CÉDULA,7292771705,MTRO. CÉSAR MONTES,RETAIL,657,PICHINCHA,CUENCA,2023-04-09,2026-02-21
1085,202602,CUS-00086,CÉDULA,7270884935,FELIPE NEGRÓN LINARES,CORPORATIVO,679,AZUAY,CUENCA,2021-06-12,2026-02-21
1086,202602,CUS-00087,CÉDULA,6498269946,MARCELA PAMELA MADRID,PYME,957,PICHINCHA,MANTA,2023-04-11,2026-02-21
1087,202602,CUS-00088,CÉDULA,1316108071,ING. ABRIL URRUTIA,RETAIL,749,MANABÍ,MANTA,2021-05-25,2026-02-21
1088,202602,CUS-00089,RUC,7252698145001,WILFRIDO BERNARDO CERVANTES JAIME,RETAIL,885,AZUAY,MANTA,2021-09-09,2026-02-21
1089,202602,CUS-00090,CÉDULA,3331305095,BERNABÉ URIBE CORTÉS,CORPORATIVO,762,LOJA,CUENCA,2022-12-16,2026-02-21
1090,202602,CUS-00091,CÉDULA,0597113236,GUILLERMINA SALMA GAITÁN MONTALVO,CORPORATIVO,407,AZUAY,CUENCA,2025-11-08,2026-02-21
1091,202602,CUS-00092,CÉDULA,0529691130,TANIA GABINO SANTIAGO,RETAIL,421,MANABÍ,CUENCA,2024-09-12,2026-02-21
1092,202602,CUS-00093,CÉDULA,2866313520,FIDEL ÁVALOS,PYME,316,LOJA,MANTA,2022-05-17,2026-02-21
1093,202602,CUS-00094,CÉDULA,7443528420,TANIA PIÑA LEBRÓN,CORPORATIVO,495,AZUAY,MANTA,2025-08-13,2026-02-21
1094,202602,CUS-00095,CÉDULA,9512087178,ABELARDO MERINO CEDILLO,CORPORATIVO,626,PICHINCHA,QUITO,2022-01-18,2026-02-21
1095,202602,CUS-00096,CÉDULA,0471362479,CYNTHIA MARGARITA UREÑA PONCE,WEALTH,617,GUAYAS,GUAYAQUIL,2021-02-20,2026-02-21
1096,202602,CUS-00097,CÉDULA,2386033858,SR(A). BRUNO BENÍTEZ,PYME,778,GUAYAS,QUITO,2024-06-10,2026-02-21
1097,202602,CUS-00098,CÉDULA,5544177074,PATRICIO ALEJANDRO NEGRÓN,PYME,551,PICHINCHA,MANTA,2022-09-30,2026-02-21
1098,202602,CUS-00099,CÉDULA,1158058752,ING. CONCEPCIÓN POSADA,RETAIL,802,GUAYAS,CUENCA,2022-07-26,2026-02-21
1099,202602,CUS-00100,CÉDULA,7808553097,ALMA HOMERO NAVA,PYME,418,GUAYAS,MANTA,2022-07-16,2026-02-21
1100,202602,CUS-00101,CÉDULA,1010080395,JORGE GAITÁN HARO,RETAIL,973,PICHINCHA,GUAYAQUIL,2024-03-04,2026-02-21
1101,202602,CUS-00102,CÉDULA,6156991196,JOAQUÍN VALENCIA PALOMO,WEALTH,797,PICHINCHA,QUITO,2023-04-18,2026-02-21
1102,202602,CUS-00103,CÉDULA,0725858681,DR. EVA CURIEL,PYME,785,AZUAY,QUITO,2022-05-26,2026-02-21
1103,202602,CUS-00104,CÉDULA,7713633595,LILIANA ALBERTO DUARTE,CORPORATIVO,344,AZUAY,CUENCA,2023-08-06,2026-02-21
1104,202602,CUS-00105,RUC,9289156829001,LILIA YOLANDA GUZMÁN JARAMILLO,WEALTH,613,PICHINCHA,QUITO,2022-10-23,2026-02-21
1105,202602,CUS-00106,CÉDULA,2637646215,BIANCA JUANA ARELLANO,RETAIL,478,MANABÍ,QUITO,2021-09-11,2026-02-21
1106,202602,CUS-00107,CÉDULA,1254782922,ESTELA FELICIANO,WEALTH,717,GUAYAS,MANTA,2024-06-26,2026-02-21
1107,202602,CUS-00108,CÉDULA,5060497343,JERÓNIMO MAGAÑA,RETAIL,855,AZUAY,QUITO,2024-07-21,2026-02-21
1108,202602,CUS-00109,CÉDULA,3710283941,ESPARTA ALBERTO ESPINOZA,WEALTH,377,GUAYAS,QUITO,2024-12-28,2026-02-21
1109,202602,CUS-00110,CÉDULA,3113569229,ISAAC LEIVA,RETAIL,625,LOJA,QUITO,2021-10-16,2026-02-21
1110,202602,CUS-00111,CÉDULA,5217402973,GERMÁN MONTOYA SAUCEDO,PYME,989,PICHINCHA,CUENCA,2022-12-10,2026-02-21
1111,202602,CUS-00112,CÉDULA,6916445857,OMAR MERAZ,CORPORATIVO,656,MANABÍ,CUENCA,2025-03-10,2026-02-21
1112,202602,CUS-00113,RUC,6831650881001,CAMILO IBARRA DOMÍNGUEZ,RETAIL,715,LOJA,MANTA,2024-11-08,2026-02-21
1113,202602,CUS-00114,RUC,2440773692001,MTRO. ALFONSO CARDONA,WEALTH,814,LOJA,QUITO,2024-01-31,2026-02-21
1114,202602,CUS-00115,CÉDULA,5998043708,LIC. JAIME MARTÍNEZ,RETAIL,513,LOJA,CUENCA,2024-02-29,2026-02-21
1115,202602,CUS-00116,RUC,5384440077001,SAMUEL SEGURA,RETAIL,373,PICHINCHA,CUENCA,2022-05-01,2026-02-21
1116,202602,CUS-00117,RUC,5311843906001,JUDITH VELÁZQUEZ ESPINAL,RETAIL,862,AZUAY,MANTA,2022-07-09,2026-02-21
1117,202602,CUS-00118,CÉDULA,2544400293,ALVARO MARCO ANTONIO ABREU SOLÍS,WEALTH,878,PICHINCHA,GUAYAQUIL,2024-01-23,2026-02-21
1118,202602,CUS-00119,RUC,4171818671001,DR. JOSÉ PRADO,CORPORATIVO,808,AZUAY,QUITO,2021-07-29,2026-02-21
1119,202602,CUS-00120,CÉDULA,6536319671,WENDOLIN MENÉNDEZ MARTÍNEZ,PYME,631,LOJA,CUENCA,2021-09-02,2026-02-21
1120,202602,CUS-00121,RUC,4067545106001,HELENA SARABIA MARES,CORPORATIVO,392,LOJA,MANTA,2024-04-15,2026-02-21
1121,202602,CUS-00122,RUC,6991109770001,ITZEL PADRÓN,RETAIL,987,MANABÍ,MANTA,2024-02-24,2026-02-21
1122,202602,CUS-00123,CÉDULA,7830024489,PERLA CAROLINA ESPINOSA PERES,WEALTH,956,AZUAY,MANTA,2021-05-05,2026-02-21
1123,202602,CUS-00124,CÉDULA,1158088848,ZOÉ DELGADO,CORPORATIVO,818,LOJA,CUENCA,2025-12-25,2026-02-21
1124,202602,CUS-00125,CÉDULA,3153525118,ING. HERMELINDA PALOMINO,RETAIL,568,GUAYAS,QUITO,2025-07-24,2026-02-21
1125,202602,CUS-00126,CÉDULA,6207568409,SR(A). HERNÁN LLAMAS,PYME,675,MANABÍ,GUAYAQUIL,2025-03-24,2026-02-21
1126,202602,CUS-00127,RUC,6428000259001,LUIS MANUEL RICARDO ZEPEDA,PYME,303,PICHINCHA,QUITO,2022-02-07,2026-02-21
1127,202602,CUS-00128,RUC,2791824971001,MARTHA MARGARITA QUINTANILLA GALLARDO,PYME,437,MANABÍ,MANTA,2023-05-15,2026-02-21
1128,202602,CUS-00129,CÉDULA,5498414365,LIC. DARÍO BRAVO,RETAIL,530,GUAYAS,MANTA,2021-08-19,2026-02-21
1129,202602,CUS-00130,CÉDULA,1466483234,NOELIA WILFRIDO MEZA CABÁN,WEALTH,899,AZUAY,GUAYAQUIL,2025-11-06,2026-02-21
1130,202602,CUS-00131,CÉDULA,5213432793,ZACARÍAS HORACIO GARZA,CORPORATIVO,828,PICHINCHA,QUITO,2024-03-26,2026-02-21
1131,202602,CUS-00132,CÉDULA,1103986966,CONCEPCIÓN ALBERTO ARREDONDO,PYME,351,PICHINCHA,MANTA,2022-08-24,2026-02-21
1132,202602,CUS-00133,CÉDULA,7099733356,MARTÍN SANTIAGO BELTRÁN,RETAIL,945,AZUAY,MANTA,2023-07-06,2026-02-21
1133,202602,CUS-00134,CÉDULA,5079655458,LINDA VELÁSQUEZ,RETAIL,624,MANABÍ,QUITO,2024-12-11,2026-02-21
1134,202602,CUS-00135,RUC,9897989770001,JUAN CARLOS MIGUEL ÁNGEL PABÓN,CORPORATIVO,576,LOJA,MANTA,2023-10-22,2026-02-21
1135,202602,CUS-00136,CÉDULA,9431723698,CONCEPCIÓN VANESA ADAME,PYME,835,MANABÍ,QUITO,2021-11-27,2026-02-21
1136,202602,CUS-00137,CÉDULA,1239061402,LUZ GAONA DEL VALLE,RETAIL,785,GUAYAS,MANTA,2021-10-11,2026-02-21
1137,202602,CUS-00138,CÉDULA,1064054269,LIC. AMADOR VALDÉS,CORPORATIVO,815,LOJA,QUITO,2023-03-26,2026-02-21
1138,202602,CUS-00139,CÉDULA,8881264129,CARLOS MARÍA EUGENIA CEPEDA,WEALTH,451,MANABÍ,GUAYAQUIL,2024-09-12,2026-02-21
1139,202602,CUS-00140,PASAPORTE,P56806723,YENI TAMEZ,WEALTH,782,AZUAY,MANTA,2025-08-06,2026-02-21
1140,202602,CUS-00141,PASAPORTE,P95963740,ING. ILSE QUINTERO,WEALTH,558,GUAYAS,GUAYAQUIL,2024-12-08,2026-02-21
1141,202602,CUS-00142,CÉDULA,3287058630,ING. LUIS ULIBARRI,PYME,623,GUAYAS,MANTA,2025-05-15,2026-02-21
1142,202602,CUS-00143,CÉDULA,1447571259,CRISTOBAL ROLDÁN,CORPORATIVO,467,GUAYAS,MANTA,2023-12-10,2026-02-21
1143,202602,CUS-00144,CÉDULA,2551615021,FRANCISCO JAVIER GUTIÉRREZ,CORPORATIVO,987,LOJA,CUENCA,2022-11-16,2026-02-21
1144,202602,CUS-00145,CÉDULA,6375934869,NICOLÁS MERCEDES GRIEGO LAUREANO,RETAIL,609,PICHINCHA,QUITO,2022-12-20,2026-02-21
1145,202602,CUS-00146,CÉDULA,8607326275,ARACELI LIRA,RETAIL,778,LOJA,GUAYAQUIL,2024-04-15,2026-02-21
1146,202602,CUS-00147,CÉDULA,4377084355,GEORGINA ISRAEL MAYA,RETAIL,355,MANABÍ,GUAYAQUIL,2021-09-22,2026-02-21
1147,202602,CUS-00148,CÉDULA,1760453130,SR(A). CITLALI CORONA,CORPORATIVO,919,PICHINCHA,GUAYAQUIL,2023-04-27,2026-02-21
1148,202602,CUS-00149,CÉDULA,6118418802,JUAN CARLOS CRISTIAN GALLEGOS,RETAIL,772,MANABÍ,QUITO,2023-07-22,2026-02-21
1149,202602,CUS-00150,CÉDULA,3693165255,LINDA PANTOJA MENÉNDEZ,CORPORATIVO,595,PICHINCHA,CUENCA,2023-10-04,2026-02-21
1150,202602,CUS-00151,RUC,4390951279001,LIC. LINDA BAÑUELOS,CORPORATIVO,760,LOJA,GUAYAQUIL,2025-11-26,2026-02-21
1151,202602,CUS-00152,CÉDULA,5263842112,LUCÍA JULIO VIERA,WEALTH,623,GUAYAS,QUITO,2025-02-03,2026-02-21
1152,202602,CUS-00153,CÉDULA,1319818503,RENÉ OLIVARES ROMERO,RETAIL,440,AZUAY,MANTA,2021-12-21,2026-02-21
1153,202602,CUS-00154,CÉDULA,0532285841,JESÚS LUGO ORELLANA,WEALTH,966,GUAYAS,GUAYAQUIL,2022-07-05,2026-02-21
1154,202602,CUS-00155,PASAPORTE,P74138331,PABLO TREVIÑO,PYME,561,LOJA,GUAYAQUIL,2025-12-23,2026-02-21
1155,202602,CUS-00156,CÉDULA,5162242198,DR. MICAELA GAONA,PYME,719,PICHINCHA,CUENCA,2022-08-03,2026-02-21
1156,202602,CUS-00157,CÉDULA,1178628248,MARCO ANTONIO MERCEDES ANAYA ORDÓÑEZ,PYME,540,GUAYAS,GUAYAQUIL,2025-12-02,2026-02-21
1157,202602,CUS-00158,CÉDULA,2603367046,YOLANDA LETICIA DE JESÚS ROBLES,CORPORATIVO,654,LOJA,GUAYAQUIL,2021-06-11,2026-02-21
1158,202602,CUS-00159,CÉDULA,3335614326,SILVIA OSWALDO AMADOR,CORPORATIVO,888,MANABÍ,MANTA,2026-01-01,2026-02-21
1159,202602,CUS-00160,CÉDULA,5645461455,ROSALIA VALLE,CORPORATIVO,479,AZUAY,QUITO,2022-02-02,2026-02-21
1160,202602,CUS-00161,CÉDULA,4969764049,ARMANDO PORRAS CERVÁNTEZ,RETAIL,365,GUAYAS,QUITO,2025-03-19,2026-02-21
1161,202602,CUS-00162,CÉDULA,1441430204,DULCE ARTEAGA,WEALTH,647,PICHINCHA,CUENCA,2023-08-13,2026-02-21
1162,202602,CUS-00163,CÉDULA,3649313172,JUAN ITZEL GALARZA RENTERÍA,CORPORATIVO,470,MANABÍ,MANTA,2023-10-20,2026-02-21
1163,202602,CUS-00164,CÉDULA,8359490807,IVÁN JUAN LEDESMA PÉREZ,WEALTH,773,LOJA,QUITO,2023-09-16,2026-02-21
1164,202602,CUS-00165,CÉDULA,8801091974,ARIADNA MARIANO ALMARAZ TIRADO,WEALTH,833,AZUAY,MANTA,2021-07-06,2026-02-21
1165,202602,CUS-00166,RUC,6175700672001,JERÓNIMO GARRIDO BARRIENTOS,WEALTH,666,PICHINCHA,QUITO,2023-04-30,2026-02-21
1166,202602,CUS-00167,CÉDULA,4064778602,ALTA  GRACIA GUTIÉRREZ FELICIANO,RETAIL,406,LOJA,MANTA,2023-09-08,2026-02-21
1167,202602,CUS-00168,CÉDULA,7270434793,SILVIA CORRAL GRIEGO,RETAIL,738,LOJA,CUENCA,2023-12-14,2026-02-21
1168,202602,CUS-00169,CÉDULA,3262294457,MARIO YOLANDA CARRERO,PYME,526,GUAYAS,GUAYAQUIL,2023-02-02,2026-02-21
1169,202602,CUS-00170,CÉDULA,9507788112,DR. MARTHA HIDALGO,PYME,743,GUAYAS,CUENCA,2024-03-05,2026-02-21
1170,202602,CUS-00171,CÉDULA,0338889619,DANIELA SAMUEL ZEPEDA CARRERO,WEALTH,741,PICHINCHA,QUITO,2022-03-05,2026-02-21
1171,202602,CUS-00172,CÉDULA,4371541907,HUGO BIANCA VÉLIZ,PYME,695,LOJA,CUENCA,2021-02-26,2026-02-21
1172,202602,CUS-00173,CÉDULA,1688798153,HUGO VELÁSQUEZ NÚÑEZ,WEALTH,880,GUAYAS,GUAYAQUIL,2023-12-31,2026-02-21
1173,202602,CUS-00174,CÉDULA,3420742966,ELVIA BENÍTEZ,RETAIL,383,AZUAY,CUENCA,2024-02-06,2026-02-21
1174,202602,CUS-00175,CÉDULA,0814477665,DR. BENJAMÍN MADERA,RETAIL,914,AZUAY,QUITO,2021-03-08,2026-02-21
1175,202602,CUS-00176,CÉDULA,5851143126,SR(A). RAÚL ARGUELLO,RETAIL,850,LOJA,QUITO,2025-10-13,2026-02-21
1176,202602,CUS-00177,CÉDULA,7540725266,ÓSCAR LUIS MIGUEL NEVÁREZ BARRIENTOS,CORPORATIVO,312,GUAYAS,CUENCA,2023-09-14,2026-02-21
1177,202602,CUS-00178,CÉDULA,8479970420,MTRO. ADÁN PERES,WEALTH,992,PICHINCHA,GUAYAQUIL,2023-08-29,2026-02-21
1178,202602,CUS-00179,RUC,3729189461001,BERNABÉ PRIETO,RETAIL,792,PICHINCHA,CUENCA,2024-09-28,2026-02-21
1179,202602,CUS-00180,CÉDULA,8833599950,TERESA MARÍA LUISA CORRAL PUGA,WEALTH,567,PICHINCHA,GUAYAQUIL,2022-06-07,2026-02-21
1180,202602,CUS-00181,CÉDULA,8148326572,OCTAVIO URIEL JIMÍNEZ,PYME,824,AZUAY,MANTA,2025-05-27,2026-02-21
1181,202602,CUS-00182,CÉDULA,4933397529,ING. MAXIMILIANO RIVERO,PYME,419,GUAYAS,GUAYAQUIL,2022-08-15,2026-02-21
1182,202602,CUS-00183,RUC,4545764953001,ROSALIA JASSO,RETAIL,652,GUAYAS,MANTA,2022-06-25,2026-02-21
1183,202602,CUS-00184,RUC,8306632749001,FELIPE ASUNCIÓN LEIVA RAYA,WEALTH,356,AZUAY,CUENCA,2021-09-25,2026-02-21
1184,202602,CUS-00185,CÉDULA,6337711220,MARISOL REBECA OJEDA,RETAIL,339,PICHINCHA,GUAYAQUIL,2022-04-05,2026-02-21
1185,202602,CUS-00186,CÉDULA,2579543236,ALICIA MIGUEL ÁNGEL MELÉNDEZ ECHEVERRÍA,PYME,635,PICHINCHA,MANTA,2023-10-22,2026-02-21
1186,202602,CUS-00187,RUC,0601308500001,ERIC MOTA,RETAIL,939,LOJA,MANTA,2022-08-07,2026-02-21
1187,202602,CUS-00188,CÉDULA,5335689483,JACINTO GILBERTO YBARRA LEAL,WEALTH,472,MANABÍ,MANTA,2024-05-03,2026-02-21
1188,202602,CUS-00189,CÉDULA,9120550242,SR(A). NOEMÍ ESPINO,PYME,846,GUAYAS,QUITO,2025-11-07,2026-02-21
1189,202602,CUS-00190,CÉDULA,9292443049,FABIOLA PALOMO SÁENZ,CORPORATIVO,558,GUAYAS,CUENCA,2022-07-12,2026-02-21
1190,202602,CUS-00191,CÉDULA,4359366120,DR. MARTÍN SALAS,PYME,816,GUAYAS,MANTA,2021-10-20,2026-02-21
1191,202602,CUS-00192,RUC,7835858378001,ADRIANA CABÁN,CORPORATIVO,822,MANABÍ,GUAYAQUIL,2025-07-04,2026-02-21
1192,202602,CUS-00193,RUC,3479562679001,ESTELA LETICIA GUERRERO MALAVE,RETAIL,416,LOJA,MANTA,2021-05-25,2026-02-21
1193,202602,CUS-00194,CÉDULA,5985837319,MTRO. MARIO URIBE,RETAIL,483,MANABÍ,QUITO,2026-01-15,2026-02-21
1194,202602,CUS-00195,CÉDULA,8431065173,MTRO. LUZ URBINA,WEALTH,415,PICHINCHA,CUENCA,2026-02-01,2026-02-21
1195,202602,CUS-00196,CÉDULA,7649978494,JESÚS MARÍA ELENA JUÁREZ MALAVE,CORPORATIVO,461,PICHINCHA,QUITO,2022-03-10,2026-02-21
1196,202602,CUS-00197,CÉDULA,1426947022,ESTHER CARLA ESPINOZA MATA,RETAIL,878,GUAYAS,QUITO,2021-09-20,2026-02-21
1197,202602,CUS-00198,RUC,8488014398001,OMAR ESCALANTE ESPINOSA,CORPORATIVO,842,AZUAY,QUITO,2024-05-20,2026-02-21
1198,202602,CUS-00199,RUC,6560071986001,MAXIMILIANO GERÓNIMO VILLALPANDO,RETAIL,886,GUAYAS,GUAYAQUIL,2024-04-20,2026-02-21
1199,202602,CUS-00200,CÉDULA,5001551094,ING. GUILLERMINA CAMARILLO,PYME,536,AZUAY,CUENCA,2026-01-01,2026-02-21
1200,202602,CUS-00201,CÉDULA,4158191265,GUSTAVO ESPERANZA MURO,RETAIL,365,MANABÍ,CUENCA,2022-10-05,2026-02-21
1201,202602,CUS-00202,CÉDULA,7759220643,HERMELINDA ADELA TEJEDA,WEALTH,369,PICHINCHA,GUAYAQUIL,2025-11-15,2026-02-21
1202,202602,CUS-00203,CÉDULA,9335774538,GERARDO AMALIA AYALA,PYME,746,AZUAY,CUENCA,2025-07-24,2026-02-21
1203,202602,CUS-00204,RUC,7990187270001,MTRO. CARMEN SALAS,WEALTH,715,MANABÍ,QUITO,2022-06-17,2026-02-21
1204,202602,CUS-00205,CÉDULA,9325636812,ADÁN VELA LINARES,PYME,831,PICHINCHA,CUENCA,2021-10-22,2026-02-21
1205,202602,CUS-00206,CÉDULA,4279778344,MAURO QUINTANA,CORPORATIVO,740,AZUAY,GUAYAQUIL,2025-08-19,2026-02-21
1206,202602,CUS-00207,CÉDULA,7687193516,DULCE MARÍA AMELIA HERNÁDEZ ROMO,WEALTH,763,GUAYAS,QUITO,2022-08-12,2026-02-21
1207,202602,CUS-00208,CÉDULA,2217500674,ANDRÉS PACHECO SALAZAR,RETAIL,695,GUAYAS,GUAYAQUIL,2026-01-25,2026-02-21
1208,202602,CUS-00209,CÉDULA,4355286064,REYNALDO AVILÉS CORONADO,CORPORATIVO,850,GUAYAS,MANTA,2024-04-08,2026-02-21
1209,202602,CUS-00210,CÉDULA,4135964820,RAMÓN HERNÁN BRIONES,RETAIL,956,MANABÍ,QUITO,2021-03-11,2026-02-21
1210,202602,CUS-00211,CÉDULA,3831942835,CARIDAD PORFIRIO PEÑA,PYME,856,GUAYAS,QUITO,2022-12-01,2026-02-21
1211,202602,CUS-00212,CÉDULA,1528184715,ING. SERAFÍN GASTÉLUM,PYME,694,LOJA,CUENCA,2024-10-16,2026-02-21
1212,202602,CUS-00213,CÉDULA,2947904231,LIC. MARÍA DEL CARMEN QUINTERO,RETAIL,625,PICHINCHA,QUITO,2022-07-15,2026-02-21
1213,202602,CUS-00214,CÉDULA,8219865042,ROLANDO LUIS MIGUEL MAGAÑA VARELA,RETAIL,390,MANABÍ,GUAYAQUIL,2022-06-02,2026-02-21
1214,202602,CUS-00215,CÉDULA,0311277658,SR(A). SANTIAGO CAMACHO,CORPORATIVO,369,GUAYAS,CUENCA,2021-03-20,2026-02-21
1215,202602,CUS-00216,CÉDULA,3076623985,SOCORRO ERIC JAIME,RETAIL,465,PICHINCHA,MANTA,2024-06-04,2026-02-21
1216,202602,CUS-00217,CÉDULA,4284433068,CRISTINA GRIJALVA DELGADILLO,WEALTH,941,AZUAY,GUAYAQUIL,2025-06-24,2026-02-21
1217,202602,CUS-00218,CÉDULA,2120561753,SR(A). CRISTINA ACEVEDO,WEALTH,513,GUAYAS,MANTA,2025-11-01,2026-02-21
1218,202602,CUS-00219,CÉDULA,4722308779,MARÍA DEL CARMEN VILLEGAS,RETAIL,900,PICHINCHA,MANTA,2024-01-21,2026-02-21
1219,202602,CUS-00220,RUC,5658222928001,GUILLERMO APODACA,WEALTH,634,LOJA,MANTA,2024-10-02,2026-02-21
1220,202602,CUS-00221,CÉDULA,3686823754,GRACIELA GUILLERMINA RENDÓN,RETAIL,668,AZUAY,QUITO,2024-07-31,2026-02-21
1221,202602,CUS-00222,CÉDULA,3708073842,EUGENIA JAIME VILLALPANDO,CORPORATIVO,883,LOJA,GUAYAQUIL,2025-11-13,2026-02-21
1222,202602,CUS-00223,CÉDULA,8833718587,LUZ CAMILA TOVAR,WEALTH,976,PICHINCHA,GUAYAQUIL,2022-06-05,2026-02-21
1223,202602,CUS-00224,CÉDULA,6021444342,VICENTE CONCHITA JÁQUEZ,WEALTH,348,LOJA,QUITO,2024-04-09,2026-02-21
1224,202602,CUS-00225,CÉDULA,0488320170,ANGÉLICA ANA MARÍA DE JESÚS,RETAIL,351,PICHINCHA,CUENCA,2024-02-29,2026-02-21
1225,202602,CUS-00226,CÉDULA,7675829357,ROSARIO REBECA LOMELI QUIÑONES,WEALTH,588,PICHINCHA,MANTA,2022-03-03,2026-02-21
1226,202602,CUS-00227,PASAPORTE,P42538236,MAYTE MAESTAS PADRÓN,PYME,925,LOJA,GUAYAQUIL,2023-05-08,2026-02-21
1227,202602,CUS-00228,CÉDULA,6352517168,MÓNICA PAOLA SALCIDO QUEZADA,CORPORATIVO,538,PICHINCHA,QUITO,2022-10-05,2026-02-21
1228,202602,CUS-00229,RUC,0765558105001,RUFINO ARENAS PRECIADO,CORPORATIVO,432,GUAYAS,MANTA,2022-02-27,2026-02-21
1229,202602,CUS-00230,CÉDULA,9729080272,SALMA FIDEL ALVAREZ BUSTOS,WEALTH,465,PICHINCHA,CUENCA,2024-04-15,2026-02-21
1230,202602,CUS-00231,CÉDULA,3705007309,ZEFERINO RENÉ VILLAGÓMEZ,WEALTH,673,MANABÍ,CUENCA,2025-06-06,2026-02-21
1231,202602,CUS-00232,CÉDULA,6440958874,ZACARÍAS JIMÉNEZ VELÁZQUEZ,PYME,672,PICHINCHA,MANTA,2023-02-12,2026-02-21
1232,202602,CUS-00233,CÉDULA,0807426686,DELIA RODRÍGEZ SOLANO,PYME,777,MANABÍ,CUENCA,2023-05-15,2026-02-21
1233,202602,CUS-00234,CÉDULA,2072774096,GERMÁN DURÁN,WEALTH,778,PICHINCHA,GUAYAQUIL,2024-10-15,2026-02-21
1234,202602,CUS-00235,CÉDULA,9478660311,LIC. TERESA SALAZAR,WEALTH,949,PICHINCHA,GUAYAQUIL,2023-04-23,2026-02-21
1235,202602,CUS-00236,CÉDULA,1303142730,MARIANO MONTERO PAREDES,PYME,890,LOJA,GUAYAQUIL,2021-11-18,2026-02-21
1236,202602,CUS-00237,CÉDULA,0928618912,INÉS YURIDIA CANTÚ CRUZ,RETAIL,981,GUAYAS,CUENCA,2023-07-15,2026-02-21
1237,202602,CUS-00238,CÉDULA,9125886235,LILIA MIGUEL ÁNGEL LOMELI PACHECO,PYME,934,GUAYAS,GUAYAQUIL,2023-08-15,2026-02-21
1238,202602,CUS-00239,CÉDULA,4152710820,SR(A). MARÍA ELENA BUENO,RETAIL,987,AZUAY,QUITO,2023-06-09,2026-02-21
1239,202602,CUS-00240,CÉDULA,6944086785,FLAVIO IRENE CARRILLO PÁEZ,CORPORATIVO,599,LOJA,GUAYAQUIL,2025-03-21,2026-02-21
1240,202602,CUS-00241,RUC,4513268459001,SR(A). VÍCTOR TORRES,CORPORATIVO,381,LOJA,GUAYAQUIL,2022-01-07,2026-02-21
1241,202602,CUS-00242,PASAPORTE,P12286798,LILIANA AYALA,PYME,386,GUAYAS,CUENCA,2023-12-27,2026-02-21
1242,202602,CUS-00243,RUC,5307617463001,NORMA JOS SAMANIEGO,RETAIL,524,LOJA,GUAYAQUIL,2025-11-09,2026-02-21
1243,202602,CUS-00244,CÉDULA,4700329120,AMELIA FIGUEROA,PYME,315,GUAYAS,MANTA,2022-01-15,2026-02-21
1244,202602,CUS-00245,CÉDULA,0547137503,PAULINA CÉSAR LOERA QUEZADA,PYME,657,LOJA,QUITO,2022-07-20,2026-02-21
1245,202602,CUS-00246,RUC,0147723959001,CARLOS ANAYA,RETAIL,462,PICHINCHA,CUENCA,2022-09-09,2026-02-21
1246,202602,CUS-00247,CÉDULA,2154949494,DR. CRISTOBAL MÁRQUEZ,PYME,909,GUAYAS,QUITO,2025-07-26,2026-02-21
1247,202602,CUS-00248,PASAPORTE,P26531803,SR(A). PEDRO PANTOJA,CORPORATIVO,967,GUAYAS,MANTA,2025-03-24,2026-02-21
1248,202602,CUS-00249,PASAPORTE,P05344801,ESPARTACO CARRERA RIOJAS,WEALTH,813,MANABÍ,CUENCA,2024-07-29,2026-02-21
1249,202602,CUS-00250,RUC,5462291290001,VICENTE CORRALES SAMANIEGO,WEALTH,649,LOJA,CUENCA,2022-01-29,2026-02-21
1250,202602,CUS-00251,CÉDULA,4463207213,NANCY GEORGINA PELAYO ROSAS,PYME,980,LOJA,GUAYAQUIL,2021-11-09,2026-02-21
1251,202602,CUS-00252,CÉDULA,2021758792,FEDERICO REYES,RETAIL,763,GUAYAS,QUITO,2023-04-10,2026-02-21
1252,202602,CUS-00253,RUC,4647404352001,DR. JUAN CARLOS ESPINO,RETAIL,674,PICHINCHA,MANTA,2023-06-01,2026-02-21
1253,202602,CUS-00254,CÉDULA,4155456407,ING. CELIA BARRIOS,CORPORATIVO,391,PICHINCHA,MANTA,2024-05-13,2026-02-21
1254,202602,CUS-00255,CÉDULA,3895022935,LINDA JACINTO SARABIA JARAMILLO,RETAIL,480,PICHINCHA,CUENCA,2023-02-25,2026-02-21
1255,202602,CUS-00256,CÉDULA,6935076821,GUILLERMINA LUGO VILLAGÓMEZ,RETAIL,600,LOJA,GUAYAQUIL,2024-10-05,2026-02-21
1256,202602,CUS-00257,RUC,0241236287001,LIC. CONCHITA RAMÓN,CORPORATIVO,959,MANABÍ,CUENCA,2021-10-28,2026-02-21
1257,202602,CUS-00258,CÉDULA,3000072524,LIC. JAIME MERCADO,PYME,488,GUAYAS,CUENCA,2024-11-22,2026-02-21
1258,202602,CUS-00259,CÉDULA,6155259941,ING. JOSÉ MARÍA RESÉNDEZ,WEALTH,613,AZUAY,CUENCA,2021-03-13,2026-02-21
1259,202602,CUS-00260,CÉDULA,8727822179,ELENA EVELIO VÁZQUEZ OLIVERA,CORPORATIVO,792,MANABÍ,CUENCA,2021-08-21,2026-02-21
1260,202602,CUS-00261,CÉDULA,0766203840,LILIA ALVARO MATÍAS,PYME,427,AZUAY,MANTA,2023-01-22,2026-02-21
1261,202602,CUS-00262,PASAPORTE,P47748032,JUANA OLVERA,CORPORATIVO,818,MANABÍ,MANTA,2021-09-09,2026-02-21
1262,202602,CUS-00263,CÉDULA,1768135272,MIGUEL ÁNGEL ALEJANDRO CASTRO,PYME,725,PICHINCHA,CUENCA,2021-03-16,2026-02-21
1263,202602,CUS-00264,CÉDULA,1251706195,ING. ISABEL CAMARILLO,CORPORATIVO,858,LOJA,CUENCA,2025-04-17,2026-02-21
1264,202602,CUS-00265,RUC,1197162767001,BENITO SOTELO,PYME,864,AZUAY,GUAYAQUIL,2025-10-24,2026-02-21
1265,202602,CUS-00266,CÉDULA,6564600844,ADELA COLÓN,CORPORATIVO,486,MANABÍ,CUENCA,2021-10-19,2026-02-21
1266,202602,CUS-00267,CÉDULA,2428850669,VANESA CORREA,PYME,849,LOJA,MANTA,2024-12-28,2026-02-21
1267,202602,CUS-00268,CÉDULA,9375331134,MARIANO JAIMES MIRELES,CORPORATIVO,752,AZUAY,QUITO,2022-06-24,2026-02-21
1268,202602,CUS-00269,CÉDULA,7536716117,LIC. VIOLETA BLANCO,WEALTH,770,GUAYAS,MANTA,2025-10-31,2026-02-21
1269,202602,CUS-00270,CÉDULA,1808099155,ZEFERINO OSWALDO OLIVARES MATEO,WEALTH,864,MANABÍ,GUAYAQUIL,2024-02-20,2026-02-21
1270,202602,CUS-00271,RUC,0671785488001,PATRICIA ARANDA,RETAIL,523,GUAYAS,MANTA,2025-02-06,2026-02-21
1271,202602,CUS-00272,RUC,0281331220001,SR(A). EUGENIO LOERA,PYME,453,PICHINCHA,QUITO,2021-03-09,2026-02-21
1272,202602,CUS-00273,RUC,5724096908001,AURORA MANUEL CALVILLO,CORPORATIVO,859,GUAYAS,CUENCA,2025-02-05,2026-02-21
1273,202602,CUS-00274,RUC,7696444070001,MARÍA DE LA CRÚZ LUNA,PYME,650,GUAYAS,QUITO,2023-11-07,2026-02-21
1274,202602,CUS-00275,CÉDULA,3884322490,AMALIA MELÉNDEZ BADILLO,WEALTH,446,MANABÍ,CUENCA,2025-03-25,2026-02-21
1275,202602,CUS-00276,CÉDULA,4568212868,JORGE JOSÉ LUIS PRADO CONCEPCIÓN,PYME,875,PICHINCHA,CUENCA,2025-05-27,2026-02-21
1276,202602,CUS-00277,CÉDULA,1431885575,OLGA LILIA VALLES,CORPORATIVO,648,GUAYAS,MANTA,2021-07-25,2026-02-21
1277,202602,CUS-00278,CÉDULA,0361877631,DAVID DELIA BERRÍOS,PYME,481,LOJA,MANTA,2021-11-01,2026-02-21
1278,202602,CUS-00279,CÉDULA,2547550342,LIC. SILVANO GUAJARDO,CORPORATIVO,936,AZUAY,MANTA,2024-12-08,2026-02-21
1279,202602,CUS-00280,CÉDULA,8055944945,RODOLFO COLLAZO,WEALTH,478,GUAYAS,GUAYAQUIL,2025-08-08,2026-02-21
1280,202602,CUS-00281,RUC,7150392825001,MARÍA TERESA TEODORO HERNÁNDEZ,WEALTH,338,PICHINCHA,MANTA,2025-03-20,2026-02-21
1281,202602,CUS-00282,CÉDULA,0537839950,FLORENCIA AGUIRRE,WEALTH,302,GUAYAS,GUAYAQUIL,2022-09-04,2026-02-21
1282,202602,CUS-00283,CÉDULA,3607954981,GRACIELA TREVIÑO,RETAIL,363,AZUAY,MANTA,2023-07-14,2026-02-21
1283,202602,CUS-00284,CÉDULA,4564806963,ANTONIA MARGARITA MONTAÑO,WEALTH,328,PICHINCHA,CUENCA,2022-05-11,2026-02-21
1284,202602,CUS-00285,CÉDULA,8436328706,MTRO. TIMOTEO PINEDA,PYME,671,MANABÍ,GUAYAQUIL,2023-11-10,2026-02-21
1285,202602,CUS-00286,CÉDULA,8775372811,MARÍA EUGENIA HERMELINDA FARÍAS OLIVO,RETAIL,822,PICHINCHA,QUITO,2022-06-23,2026-02-21
1286,202602,CUS-00287,CÉDULA,6939786473,BERNABÉ GRANADO,WEALTH,396,MANABÍ,GUAYAQUIL,2023-11-10,2026-02-21
1287,202602,CUS-00288,CÉDULA,1580969898,REINA MUÑOZ,PYME,741,PICHINCHA,GUAYAQUIL,2021-03-30,2026-02-21
1288,202602,CUS-00289,CÉDULA,9247730035,MTRO. GUSTAVO ALONZO,PYME,502,AZUAY,QUITO,2021-05-12,2026-02-21
1289,202602,CUS-00290,CÉDULA,7588190143,GERARDO AGUILERA,PYME,710,AZUAY,GUAYAQUIL,2023-11-12,2026-02-21
1290,202602,CUS-00291,CÉDULA,3875015194,SR(A). SAMUEL SALGADO,CORPORATIVO,320,PICHINCHA,CUENCA,2021-08-26,2026-02-21
1291,202602,CUS-00292,CÉDULA,4555192570,ESTELA SAMUEL MORA GAONA,RETAIL,850,GUAYAS,MANTA,2025-07-28,2026-02-21
1292,202602,CUS-00293,RUC,0158327984001,SILVANO FIDEL CHAPA,PYME,401,AZUAY,QUITO,2023-03-20,2026-02-21
1293,202602,CUS-00294,CÉDULA,8126655195,SOLEDAD ARENAS MARES,CORPORATIVO,345,MANABÍ,MANTA,2021-02-22,2026-02-21
1294,202602,CUS-00295,CÉDULA,3210411679,ALDO VENEGAS,WEALTH,365,MANABÍ,CUENCA,2022-04-05,2026-02-21
1295,202602,CUS-00296,CÉDULA,7306037155,CÉSAR AURORA LUCERO MENA,PYME,902,LOJA,QUITO,2022-04-10,2026-02-21
1296,202602,CUS-00297,CÉDULA,8493494797,DELIA FERNÁNDEZ,CORPORATIVO,463,MANABÍ,MANTA,2023-01-25,2026-02-21
1297,202602,CUS-00298,CÉDULA,1675482938,PAOLA JOSEFINA TAMEZ,PYME,410,LOJA,MANTA,2022-11-27,2026-02-21
1298,202602,CUS-00299,CÉDULA,5761208602,MTRO. DANIEL HINOJOSA,RETAIL,637,PICHINCHA,CUENCA,2022-07-29,2026-02-21
1299,202602,CUS-00300,CÉDULA,3342206901,GUSTAVO MIRELES,RETAIL,422,PICHINCHA,MANTA,2025-09-30,2026-02-21
1300,202602,CUS-00301,CÉDULA,3341301099,MAYTE BENÍTEZ CISNEROS,WEALTH,746,PICHINCHA,CUENCA,2024-07-24,2026-02-21
1301,202602,CUS-00302,CÉDULA,3369884900,ZOÉ ZEFERINO OSORIO,PYME,910,GUAYAS,GUAYAQUIL,2024-07-28,2026-02-21
1302,202602,CUS-00303,CÉDULA,5178347242,MTRO. AURORA ORTEGA,CORPORATIVO,590,GUAYAS,CUENCA,2024-09-18,2026-02-21
1303,202602,CUS-00304,CÉDULA,9226669744,GABINO TERÁN CASTAÑEDA,WEALTH,970,LOJA,GUAYAQUIL,2025-08-25,2026-02-21
1304,202602,CUS-00305,CÉDULA,3693137826,JOSÉ CARLOS IGLESIAS,PYME,711,MANABÍ,QUITO,2023-08-07,2026-02-21
1305,202602,CUS-00306,PASAPORTE,P83924027,LIC. TEODORO NIETO,WEALTH,914,MANABÍ,MANTA,2026-02-04,2026-02-21
1306,202602,CUS-00307,CÉDULA,7317793218,ZEFERINO GONZÁLEZ RODRÍGUEZ,CORPORATIVO,580,PICHINCHA,CUENCA,2022-04-06,2026-02-21
1307,202602,CUS-00308,CÉDULA,0647364488,SILVANO VALENTÍN MENCHACA,WEALTH,342,AZUAY,CUENCA,2025-12-03,2026-02-21
1308,202602,CUS-00309,CÉDULA,8554897665,DR. VICENTE BARAJAS,WEALTH,785,GUAYAS,MANTA,2022-07-19,2026-02-21
1309,202602,CUS-00310,CÉDULA,4322535238,HERMELINDA PAREDES,WEALTH,895,GUAYAS,MANTA,2021-07-09,2026-02-21
1310,202602,CUS-00311,CÉDULA,4691482853,CLARA ARMENTA ARCHULETA,PYME,350,PICHINCHA,QUITO,2022-10-22,2026-02-21
1311,202602,CUS-00312,CÉDULA,6754547069,MIGUEL CAMILO CALDERÓN GOLLUM,CORPORATIVO,509,GUAYAS,QUITO,2022-12-10,2026-02-21
1312,202602,CUS-00313,CÉDULA,9180958033,DR. JULIA RENDÓN,RETAIL,425,PICHINCHA,CUENCA,2025-10-06,2026-02-21
1313,202602,CUS-00314,PASAPORTE,P84450082,YURIDIA PAOLA PEREA VILLAGÓMEZ,PYME,791,LOJA,QUITO,2021-07-24,2026-02-21
1314,202602,CUS-00315,RUC,3087176506001,LINDA VANESA CAMACHO,RETAIL,808,MANABÍ,GUAYAQUIL,2021-05-10,2026-02-21
1315,202602,CUS-00316,CÉDULA,9680188553,SERGIO PANTOJA,RETAIL,880,AZUAY,QUITO,2021-11-23,2026-02-21
1316,202602,CUS-00317,CÉDULA,3420060029,ALONSO JOSÉ EDUARDO GAMBOA QUIROZ,PYME,557,MANABÍ,QUITO,2023-04-14,2026-02-21
1317,202602,CUS-00318,CÉDULA,3310232790,EUGENIO NARANJO,PYME,487,MANABÍ,CUENCA,2022-10-24,2026-02-21
1318,202602,CUS-00319,CÉDULA,1637258007,JOSÉ CARLOS TOVAR MUÑOZ,CORPORATIVO,529,LOJA,GUAYAQUIL,2022-01-17,2026-02-21
1319,202602,CUS-00320,CÉDULA,2404572298,LEONEL LEAL ESPINAL,CORPORATIVO,488,GUAYAS,QUITO,2023-04-07,2026-02-21
1320,202602,CUS-00321,CÉDULA,3361752847,MARÍA ELENA BUSTOS GALINDO,WEALTH,714,AZUAY,GUAYAQUIL,2025-08-09,2026-02-21
1321,202602,CUS-00322,CÉDULA,6762162213,SR(A). AMADOR MERINO,RETAIL,309,GUAYAS,GUAYAQUIL,2024-07-29,2026-02-21
1322,202602,CUS-00323,CÉDULA,7004405048,CARMEN RAÚL FLÓREZ,CORPORATIVO,413,MANABÍ,GUAYAQUIL,2024-04-06,2026-02-21
1323,202602,CUS-00324,CÉDULA,4570182541,PERLA FRANCO VILLA,WEALTH,375,PICHINCHA,MANTA,2022-07-29,2026-02-21
1324,202602,CUS-00325,PASAPORTE,P63035666,EUGENIA ISAAC CORDERO,CORPORATIVO,975,MANABÍ,MANTA,2025-07-08,2026-02-21
1325,202602,CUS-00326,CÉDULA,2573719887,SR(A). GERÓNIMO COLUNGA,PYME,801,GUAYAS,MANTA,2022-06-30,2026-02-21
1326,202602,CUS-00327,CÉDULA,9901594841,PAOLA FIDEL DELGADO,CORPORATIVO,384,MANABÍ,MANTA,2023-08-21,2026-02-21
1327,202602,CUS-00328,CÉDULA,9380062918,VIRGINIA ALVAREZ CEJA,RETAIL,348,PICHINCHA,CUENCA,2022-12-26,2026-02-21
1328,202602,CUS-00329,CÉDULA,2179559665,JORGE GRANADOS VILLALOBOS,CORPORATIVO,794,LOJA,QUITO,2022-06-19,2026-02-21
1329,202602,CUS-00330,CÉDULA,3853232141,ADRIANA DELIA JAIMES ÁVILA,RETAIL,988,GUAYAS,MANTA,2025-09-04,2026-02-21
1330,202602,CUS-00331,CÉDULA,5259805831,LUCÍA OLIVIA CARRERA,PYME,686,MANABÍ,CUENCA,2025-02-18,2026-02-21
1331,202602,CUS-00332,CÉDULA,3029894524,MARTÍN RANGEL NÁJERA,RETAIL,688,GUAYAS,QUITO,2025-01-31,2026-02-21
1332,202602,CUS-00333,CÉDULA,7531800360,ING. BIANCA RAZO,CORPORATIVO,517,LOJA,MANTA,2025-06-13,2026-02-21
1333,202602,CUS-00334,CÉDULA,8320938955,DR. SESSA ARMAS,WEALTH,645,MANABÍ,QUITO,2026-01-11,2026-02-21
1334,202602,CUS-00335,CÉDULA,0915123483,MTRO. MARÍA JOSÉ ANGULO,PYME,529,MANABÍ,MANTA,2025-01-11,2026-02-21
1335,202602,CUS-00336,CÉDULA,8927088913,MAURO PADILLA POLANCO,CORPORATIVO,554,GUAYAS,CUENCA,2021-11-14,2026-02-21
1336,202602,CUS-00337,RUC,7604630841001,MITZY QUIROZ BENAVIDES,PYME,535,GUAYAS,GUAYAQUIL,2021-11-16,2026-02-21
1337,202602,CUS-00338,CÉDULA,7129016915,INÉS ZÚÑIGA CORDERO,PYME,325,PICHINCHA,GUAYAQUIL,2023-05-17,2026-02-21
1338,202602,CUS-00339,CÉDULA,2372950677,CARMEN LAUREANO VIGIL,CORPORATIVO,883,LOJA,QUITO,2025-02-14,2026-02-21
1339,202602,CUS-00340,CÉDULA,2908586005,MTRO. JUANA ZAMBRANO,CORPORATIVO,560,PICHINCHA,CUENCA,2026-01-08,2026-02-21
1340,202602,CUS-00341,CÉDULA,4817419597,MTRO. MARÍA ELENA SANTIAGO,WEALTH,570,MANABÍ,GUAYAQUIL,2025-03-19,2026-02-21
1341,202602,CUS-00342,CÉDULA,3141159835,LIC. BERTA CARRERO,PYME,422,GUAYAS,MANTA,2021-09-14,2026-02-21
1342,202602,CUS-00343,CÉDULA,6573062518,DR. LUIS MANUEL RAZO,PYME,955,MANABÍ,GUAYAQUIL,2023-04-11,2026-02-21
1343,202602,CUS-00344,CÉDULA,0554409416,LILIANA IVONNE RENDÓN,CORPORATIVO,556,MANABÍ,QUITO,2024-10-09,2026-02-21
1344,202602,CUS-00345,CÉDULA,2322340379,LINDA CADENA,RETAIL,955,AZUAY,QUITO,2021-11-11,2026-02-21
1345,202602,CUS-00346,CÉDULA,6849378664,LUIS HUMBERTO HERRERA NORIEGA,CORPORATIVO,720,AZUAY,CUENCA,2022-10-03,2026-02-21
1346,202602,CUS-00347,CÉDULA,3909960048,MARIO ÁNGEL BUSTOS,PYME,558,MANABÍ,QUITO,2021-10-11,2026-02-21
1347,202602,CUS-00348,CÉDULA,5226585496,AURELIO PRECIADO CALDERA,CORPORATIVO,346,GUAYAS,GUAYAQUIL,2024-12-23,2026-02-21
1348,202602,CUS-00349,CÉDULA,0628584636,CATALINA PILAR BALDERAS VILLA,WEALTH,824,MANABÍ,GUAYAQUIL,2022-11-26,2026-02-21
1349,202602,CUS-00350,CÉDULA,0674145155,ING. ISAAC CASILLAS,RETAIL,507,AZUAY,GUAYAQUIL,2023-08-11,2026-02-21
1350,202602,CUS-00351,CÉDULA,0092992318,JOAQUÍN PIÑA,CORPORATIVO,610,GUAYAS,GUAYAQUIL,2023-07-19,2026-02-21
1351,202602,CUS-00352,RUC,9665257780001,GRACIELA ZAPATA MARRERO,WEALTH,448,MANABÍ,CUENCA,2026-01-02,2026-02-21
1352,202602,CUS-00353,CÉDULA,0229790112,BERNARDO REYNALDO SARABIA GALINDO,PYME,737,LOJA,MANTA,2024-02-24,2026-02-21
1353,202602,CUS-00354,CÉDULA,5010467906,VÍCTOR MAURICIO GARRIDO,CORPORATIVO,454,LOJA,MANTA,2024-04-28,2026-02-21
1354,202602,CUS-00355,CÉDULA,4902690640,JERÓNIMO VALADEZ NAZARIO,PYME,977,MANABÍ,CUENCA,2021-10-30,2026-02-21
1355,202602,CUS-00356,CÉDULA,0082498587,GERMÁN VELA GASTÉLUM,WEALTH,389,GUAYAS,QUITO,2025-11-10,2026-02-21
1356,202602,CUS-00357,CÉDULA,7085822586,RAMIRO VALDÉS,PYME,997,MANABÍ,MANTA,2025-09-30,2026-02-21
1357,202602,CUS-00358,CÉDULA,2218248712,SANDRA JARAMILLO ANAYA,WEALTH,657,MANABÍ,QUITO,2023-01-21,2026-02-21
1358,202602,CUS-00359,RUC,1755873380001,GEORGINA HORACIO MOJICA,WEALTH,473,AZUAY,MANTA,2023-11-20,2026-02-21
1359,202602,CUS-00360,CÉDULA,1153922257,ABRAHAM DOLORES COLLAZO VALLES,WEALTH,516,LOJA,QUITO,2023-11-01,2026-02-21
1360,202602,CUS-00361,CÉDULA,6339108178,ÁNGELA COLLADO,CORPORATIVO,755,AZUAY,CUENCA,2023-08-08,2026-02-21
1361,202602,CUS-00362,CÉDULA,3789946930,AURORA TAMEZ GALVÁN,PYME,908,AZUAY,GUAYAQUIL,2023-10-27,2026-02-21
1362,202602,CUS-00363,CÉDULA,2426859062,LOURDES RENDÓN,PYME,928,MANABÍ,QUITO,2022-04-16,2026-02-21
1363,202602,CUS-00364,CÉDULA,4939445995,CRISTINA JOSÉ EDUARDO MARRERO MELÉNDEZ,RETAIL,498,AZUAY,GUAYAQUIL,2021-07-22,2026-02-21
1364,202602,CUS-00365,RUC,7787190911001,ING. ARTURO ÁVILA,RETAIL,785,LOJA,QUITO,2024-09-18,2026-02-21
1365,202602,CUS-00366,CÉDULA,2961058252,CRISTINA SERAFÍN ARROYO,RETAIL,832,AZUAY,QUITO,2023-10-10,2026-02-21
1366,202602,CUS-00367,PASAPORTE,P04936596,GEORGINA QUINTERO PINEDA,RETAIL,499,LOJA,QUITO,2025-01-08,2026-02-21
1367,202602,CUS-00368,RUC,4366573943001,SAMUEL QUINTANILLA,PYME,670,AZUAY,QUITO,2025-03-13,2026-02-21
1368,202602,CUS-00369,CÉDULA,0704554247,GEORGINA GALVÁN,WEALTH,747,LOJA,QUITO,2022-03-27,2026-02-21
1369,202602,CUS-00370,CÉDULA,1587776751,SR(A). JAIME POSADA,WEALTH,547,AZUAY,GUAYAQUIL,2021-07-29,2026-02-21
1370,202602,CUS-00371,CÉDULA,1705539220,GLORIA VILLASEÑOR RUIZ,CORPORATIVO,563,AZUAY,QUITO,2022-12-12,2026-02-21
1371,202602,CUS-00372,CÉDULA,2342542557,MTRO. AMALIA GARAY,WEALTH,357,GUAYAS,GUAYAQUIL,2022-02-26,2026-02-21
1372,202602,CUS-00373,CÉDULA,1036922449,RUFINO BACA,PYME,601,LOJA,CUENCA,2025-05-24,2026-02-21
1373,202602,CUS-00374,CÉDULA,2832198326,EMILIA MADERA GALARZA,PYME,330,LOJA,MANTA,2022-12-14,2026-02-21
1374,202602,CUS-00375,CÉDULA,7164424135,FLORENCIA GREGORIO MENCHACA,PYME,797,LOJA,QUITO,2023-07-05,2026-02-21
1375,202602,CUS-00376,CÉDULA,0935816517,ABRAHAM SALINAS POSADA,CORPORATIVO,548,PICHINCHA,MANTA,2021-10-22,2026-02-21
1376,202602,CUS-00377,RUC,6446888595001,CATALINA JUAN TEJADA,RETAIL,904,AZUAY,GUAYAQUIL,2021-09-09,2026-02-21
1377,202602,CUS-00378,CÉDULA,2063075510,MÓNICA RAFAÉL MORENO,WEALTH,570,LOJA,CUENCA,2025-09-12,2026-02-21
1378,202602,CUS-00379,RUC,1310675352001,LEONEL ARIAS PULIDO,PYME,905,PICHINCHA,CUENCA,2022-12-11,2026-02-21
1379,202602,CUS-00380,CÉDULA,7914051359,MARÍA LUISA BERNAL MARROQUÍN,PYME,965,GUAYAS,CUENCA,2025-05-21,2026-02-21
1380,202602,CUS-00381,CÉDULA,7753779033,LIC. RENATO PALACIOS,RETAIL,693,LOJA,MANTA,2025-01-12,2026-02-21
1381,202602,CUS-00382,CÉDULA,6674678223,GREGORIO CARRERO,PYME,801,LOJA,GUAYAQUIL,2021-11-01,2026-02-21
1382,202602,CUS-00383,CÉDULA,4906874364,ALEJANDRA MELÉNDEZ,WEALTH,891,PICHINCHA,QUITO,2023-06-11,2026-02-21
1383,202602,CUS-00384,RUC,6009211691001,SERAFÍN MARÍA LUISA NÁJERA,CORPORATIVO,383,AZUAY,QUITO,2025-04-26,2026-02-21
1384,202602,CUS-00385,CÉDULA,3157934324,MARCO ANTONIO CARABALLO GUERRERO,PYME,664,GUAYAS,GUAYAQUIL,2023-11-24,2026-02-21
1385,202602,CUS-00386,RUC,8777767779001,ROLANDO PACHECO,WEALTH,848,LOJA,MANTA,2025-10-18,2026-02-21
1386,202602,CUS-00387,CÉDULA,6033495315,SR(A). LEONARDO MARÍN,PYME,641,AZUAY,QUITO,2023-03-31,2026-02-21
1387,202602,CUS-00388,CÉDULA,7765164597,ESTELA ISABELA DE LA GARZA BERMÚDEZ,RETAIL,706,GUAYAS,GUAYAQUIL,2022-03-12,2026-02-21
1388,202602,CUS-00389,CÉDULA,7260069869,SR(A). OLGA SEGOVIA,PYME,724,MANABÍ,QUITO,2022-04-06,2026-02-21
1389,202602,CUS-00390,RUC,4718581270001,JAQUELINE JERÓNIMO CORDERO,PYME,392,MANABÍ,CUENCA,2024-11-15,2026-02-21
1390,202602,CUS-00391,PASAPORTE,P96608739,BENJAMÍN CLEMENTE HIDALGO,CORPORATIVO,913,GUAYAS,QUITO,2021-09-22,2026-02-21
1391,202602,CUS-00392,CÉDULA,4185268216,DÉBORA SALVADOR CORRAL,RETAIL,711,PICHINCHA,MANTA,2024-08-14,2026-02-21
1392,202602,CUS-00393,CÉDULA,6387004528,DIANA SALCIDO RIVERA,RETAIL,731,GUAYAS,GUAYAQUIL,2021-11-08,2026-02-21
1393,202602,CUS-00394,CÉDULA,9536785574,ING. MARISOL VALLEJO,CORPORATIVO,977,GUAYAS,MANTA,2024-10-21,2026-02-21
1394,202602,CUS-00395,CÉDULA,2251557678,MTRO. SOLEDAD MATA,PYME,458,PICHINCHA,GUAYAQUIL,2024-08-14,2026-02-21
1395,202602,CUS-00396,RUC,5292043884001,MARCOS ÁNGEL RODARTE,WEALTH,313,PICHINCHA,CUENCA,2023-04-06,2026-02-21
1396,202602,CUS-00397,RUC,9365391033001,SUSANA MADRIGAL,RETAIL,672,AZUAY,GUAYAQUIL,2021-05-29,2026-02-21
1397,202602,CUS-00398,CÉDULA,0530007971,ROSA ANABEL MORA SARABIA,RETAIL,524,AZUAY,QUITO,2021-09-01,2026-02-21
1398,202602,CUS-00399,CÉDULA,6779640861,HORACIO RIOJAS RAZO,PYME,804,PICHINCHA,QUITO,2024-01-18,2026-02-21
1399,202602,CUS-00400,CÉDULA,5106114460,ANA LUISA NEGRETE LLAMAS,PYME,372,MANABÍ,CUENCA,2023-07-11,2026-02-21
1400,202602,CUS-00401,CÉDULA,7238394630,VERÓNICA BUSTAMANTE VILLEGAS,RETAIL,548,MANABÍ,GUAYAQUIL,2024-02-10,2026-02-21
1401,202602,CUS-00402,RUC,8385021808001,LIC. MARÍA TERESA VERA,PYME,810,GUAYAS,CUENCA,2021-12-05,2026-02-21
1402,202602,CUS-00403,CÉDULA,8770792600,SR(A). MARÍA DEL CARMEN VÁZQUEZ,WEALTH,902,LOJA,QUITO,2021-11-15,2026-02-21
1403,202602,CUS-00404,RUC,9447675515001,INÉS SALMA ROLÓN,RETAIL,515,GUAYAS,MANTA,2021-11-05,2026-02-21
1404,202602,CUS-00405,CÉDULA,4257802270,DR. ANEL RAYA,WEALTH,901,GUAYAS,CUENCA,2022-05-13,2026-02-21
1405,202602,CUS-00406,RUC,4217260527001,JACOBO BRAVO SANTANA,WEALTH,840,LOJA,MANTA,2021-03-14,2026-02-21
1406,202602,CUS-00407,CÉDULA,5156423359,ALFREDO FERNANDO QUEZADA,PYME,519,PICHINCHA,MANTA,2025-04-18,2026-02-21
1407,202602,CUS-00408,CÉDULA,0393908362,OFELIA SOLORZANO,WEALTH,520,MANABÍ,GUAYAQUIL,2023-03-22,2026-02-21
1408,202602,CUS-00409,RUC,9277091707001,DR. JOSÉ NIEVES,PYME,688,GUAYAS,CUENCA,2024-12-19,2026-02-21
1409,202602,CUS-00410,CÉDULA,7135877681,JULIA LUCAS MIRELES ZAMORA,CORPORATIVO,853,LOJA,MANTA,2023-06-28,2026-02-21
1410,202602,CUS-00411,CÉDULA,2975989379,SUSANA MESA BARRAZA,PYME,946,AZUAY,MANTA,2021-11-02,2026-02-21
1411,202602,CUS-00412,PASAPORTE,P22742902,BARBARA PORFIRIO OLVERA LIMÓN,WEALTH,341,GUAYAS,GUAYAQUIL,2023-10-11,2026-02-21
1412,202602,CUS-00413,PASAPORTE,P84916136,VÍCTOR SALVADOR CORNEJO MERINO,CORPORATIVO,975,MANABÍ,GUAYAQUIL,2025-11-19,2026-02-21
1413,202602,CUS-00414,CÉDULA,3660581294,RODOLFO CISNEROS MONTEZ,PYME,582,PICHINCHA,QUITO,2023-06-29,2026-02-21
1414,202602,CUS-00415,CÉDULA,8303540359,VANESA WILFRIDO OROSCO CEBALLOS,WEALTH,357,GUAYAS,MANTA,2024-10-02,2026-02-21
1415,202602,CUS-00416,CÉDULA,9384789450,SR(A). HORACIO VALDIVIA,RETAIL,836,GUAYAS,QUITO,2023-05-12,2026-02-21
1416,202602,CUS-00417,CÉDULA,6314257627,TRINIDAD MÉNDEZ,RETAIL,372,LOJA,MANTA,2024-05-13,2026-02-21
1417,202602,CUS-00418,CÉDULA,1983076494,YURIDIA OLIVIA CABÁN,PYME,428,AZUAY,QUITO,2021-03-16,2026-02-21
1418,202602,CUS-00419,CÉDULA,6475481072,NANCY NÁJERA,PYME,898,AZUAY,GUAYAQUIL,2021-09-11,2026-02-21
1419,202602,CUS-00420,CÉDULA,6975986947,JOS MARES DUEÑAS,RETAIL,725,PICHINCHA,CUENCA,2021-06-09,2026-02-21
1420,202602,CUS-00421,CÉDULA,1638065740,JACINTO MERCEDES ESPINOSA,WEALTH,964,MANABÍ,GUAYAQUIL,2024-05-08,2026-02-21
1421,202602,CUS-00422,CÉDULA,0895940552,CITLALI CRISTAL BERNAL,WEALTH,993,PICHINCHA,QUITO,2024-02-28,2026-02-21
1422,202602,CUS-00423,CÉDULA,7005905052,BENITO NATIVIDAD TIRADO SOTO,WEALTH,424,GUAYAS,QUITO,2022-01-03,2026-02-21
1423,202602,CUS-00424,CÉDULA,7504725459,VIRGINIA MIRAMONTES CEJA,PYME,366,GUAYAS,CUENCA,2021-12-09,2026-02-21
1424,202602,CUS-00425,CÉDULA,0681949355,LIC. CRISTIAN CURIEL,CORPORATIVO,305,AZUAY,MANTA,2023-02-14,2026-02-21
1425,202602,CUS-00426,CÉDULA,1130866220,SOFÍA DANIEL QUEZADA,CORPORATIVO,936,MANABÍ,QUITO,2023-04-04,2026-02-21
1426,202602,CUS-00427,CÉDULA,2233297706,LILIA NAVA GRANADOS,CORPORATIVO,613,LOJA,QUITO,2025-11-18,2026-02-21
1427,202602,CUS-00428,RUC,1023594373001,SANTIAGO LINARES,CORPORATIVO,625,MANABÍ,QUITO,2023-05-30,2026-02-21
1428,202602,CUS-00429,CÉDULA,9125778617,EUGENIA TEJEDA,CORPORATIVO,864,GUAYAS,CUENCA,2024-09-11,2026-02-21
1429,202602,CUS-00430,CÉDULA,6726982951,HORACIO MARIANO ESQUIBEL,PYME,877,LOJA,GUAYAQUIL,2022-06-06,2026-02-21
1430,202602,CUS-00431,CÉDULA,1446164579,REINA MARCOS RIOJAS LERMA,PYME,805,MANABÍ,QUITO,2024-01-01,2026-02-21
1431,202602,CUS-00432,CÉDULA,3659179849,NADIA SUÁREZ,CORPORATIVO,381,MANABÍ,CUENCA,2022-09-02,2026-02-21
1432,202602,CUS-00433,CÉDULA,3572903308,CYNTHIA FELICIANO,PYME,898,LOJA,QUITO,2022-04-11,2026-02-21
1433,202602,CUS-00434,CÉDULA,2457525035,DR. FIDEL ÁVILA,PYME,301,GUAYAS,MANTA,2025-10-18,2026-02-21
1434,202602,CUS-00435,CÉDULA,6928601088,JOSÉ EMILIO URRUTIA,CORPORATIVO,503,MANABÍ,CUENCA,2022-07-01,2026-02-21
1435,202602,CUS-00436,CÉDULA,6924368178,NOEMÍ CASTELLANOS LINARES,WEALTH,961,LOJA,QUITO,2021-08-06,2026-02-21
1436,202602,CUS-00437,CÉDULA,9989688231,CYNTHIA LABOY RASCÓN,PYME,703,GUAYAS,CUENCA,2023-01-10,2026-02-21
1437,202602,CUS-00438,RUC,9244566018001,DR. MARCO ANTONIO BUSTOS,WEALTH,402,LOJA,QUITO,2025-11-23,2026-02-21
1438,202602,CUS-00439,CÉDULA,9150212495,MARÍA DEL CARMEN JAQUELINE AMADOR,PYME,835,LOJA,GUAYAQUIL,2024-11-08,2026-02-21
1439,202602,CUS-00440,CÉDULA,8936519766,ANA ORTIZ,PYME,667,MANABÍ,QUITO,2023-02-21,2026-02-21
1440,202602,CUS-00441,CÉDULA,7007347493,MTRO. EUGENIO OLVERA,CORPORATIVO,511,GUAYAS,CUENCA,2021-06-02,2026-02-21
1441,202602,CUS-00442,PASAPORTE,P54696342,JOSÉ LUIS GARRIDO AMAYA,PYME,876,MANABÍ,MANTA,2023-02-06,2026-02-21
1442,202602,CUS-00443,CÉDULA,3329446338,BERTA VIOLETA MEZA CONCEPCIÓN,RETAIL,508,PICHINCHA,MANTA,2025-04-02,2026-02-21
1443,202602,CUS-00444,CÉDULA,5315145326,ALFONSO GONZALO RODRÍQUEZ,RETAIL,416,PICHINCHA,MANTA,2026-01-08,2026-02-21
1444,202602,CUS-00445,RUC,1535333862001,MARIANO MARISOL ADAME,CORPORATIVO,927,GUAYAS,QUITO,2024-03-01,2026-02-21
1445,202602,CUS-00446,RUC,2553838311001,AIDA HIDALGO GALVÁN,WEALTH,777,LOJA,GUAYAQUIL,2021-07-11,2026-02-21
1446,202602,CUS-00447,PASAPORTE,P43645931,PASCUAL SANDRA SUÁREZ,WEALTH,404,MANABÍ,QUITO,2024-08-08,2026-02-21
1447,202602,CUS-00448,CÉDULA,9896329284,BLANCA LOMELI,WEALTH,794,MANABÍ,MANTA,2023-07-12,2026-02-21
1448,202602,CUS-00449,CÉDULA,2413911706,HERMELINDA CARLOS ARREOLA,RETAIL,345,GUAYAS,CUENCA,2024-05-27,2026-02-21
1449,202602,CUS-00450,CÉDULA,4706436910,LOURDES TIMOTEO REYNA,WEALTH,630,GUAYAS,MANTA,2023-03-02,2026-02-21
1450,202602,CUS-00451,CÉDULA,0049619732,BLANCA SANABRIA ZAMBRANO,WEALTH,515,PICHINCHA,CUENCA,2023-01-16,2026-02-21
1451,202602,CUS-00452,CÉDULA,9712290510,SR(A). SUSANA SERRATO,CORPORATIVO,791,AZUAY,GUAYAQUIL,2021-05-30,2026-02-21
1452,202602,CUS-00453,CÉDULA,1535899707,DR. CLAUDIO LOVATO,WEALTH,748,GUAYAS,CUENCA,2022-12-30,2026-02-21
1453,202602,CUS-00454,RUC,8594558318001,ABEL MORALES,RETAIL,835,AZUAY,QUITO,2023-04-06,2026-02-21
1454,202602,CUS-00455,CÉDULA,1981789898,REINA LORENA ESCOBAR,RETAIL,810,GUAYAS,QUITO,2022-06-28,2026-02-21
1455,202602,CUS-00456,CÉDULA,1361023751,OFELIA MURO BARRETO,RETAIL,757,LOJA,QUITO,2021-08-29,2026-02-21
1456,202602,CUS-00457,CÉDULA,8143674941,ING. NATIVIDAD SARABIA,CORPORATIVO,846,LOJA,CUENCA,2022-12-14,2026-02-21
1457,202602,CUS-00458,CÉDULA,7195753353,SR(A). JULIO RODRÍGEZ,CORPORATIVO,835,PICHINCHA,QUITO,2025-01-12,2026-02-21
1458,202602,CUS-00459,CÉDULA,7803315264,TERESA ONTIVEROS NIÑO,PYME,839,PICHINCHA,QUITO,2022-10-25,2026-02-21
1459,202602,CUS-00460,CÉDULA,3472650660,ADRIANA JONÁS BARRETO MONTAÑO,WEALTH,783,AZUAY,QUITO,2022-05-03,2026-02-21
1460,202602,CUS-00461,CÉDULA,8514367042,VÍCTOR SOLEDAD CANO,CORPORATIVO,315,GUAYAS,GUAYAQUIL,2021-12-14,2026-02-21
1461,202602,CUS-00462,CÉDULA,0256732485,MTRO. CECILIA ARMENDÁRIZ,RETAIL,870,MANABÍ,CUENCA,2021-09-02,2026-02-21
1462,202602,CUS-00463,CÉDULA,8514876036,PATRICIO IVONNE DEL RÍO RIVERA,RETAIL,542,PICHINCHA,CUENCA,2022-03-14,2026-02-21
1463,202602,CUS-00464,CÉDULA,6575923209,SUSANA ECHEVERRÍA,CORPORATIVO,506,MANABÍ,MANTA,2021-03-12,2026-02-21
1464,202602,CUS-00465,PASAPORTE,P40013572,ANDREA MARÍA JOSÉ ARCE,CORPORATIVO,570,MANABÍ,CUENCA,2025-09-08,2026-02-21
1465,202602,CUS-00466,CÉDULA,0224338632,ELOY ALVARO FELICIANO ARGUELLO,CORPORATIVO,414,GUAYAS,GUAYAQUIL,2022-01-29,2026-02-21
1466,202602,CUS-00467,CÉDULA,5258534527,HORACIO NOELIA OTERO TÓRREZ,PYME,879,AZUAY,CUENCA,2022-02-23,2026-02-21
1467,202602,CUS-00468,RUC,3799296837001,FLAVIO ARCE,RETAIL,598,GUAYAS,GUAYAQUIL,2025-10-14,2026-02-21
1468,202602,CUS-00469,CÉDULA,2626995125,GONZALO JONÁS ARREOLA,PYME,782,PICHINCHA,GUAYAQUIL,2022-05-05,2026-02-21
1469,202602,CUS-00470,PASAPORTE,P35090277,GEORGINA CARLOTA NAZARIO QUESADA,PYME,696,MANABÍ,CUENCA,2021-07-25,2026-02-21
1470,202602,CUS-00471,CÉDULA,3576638952,MARCOS OLVERA,WEALTH,693,GUAYAS,MANTA,2023-12-28,2026-02-21
1471,202602,CUS-00472,PASAPORTE,P44478855,EDUARDO MIRIAM SALINAS NAZARIO,RETAIL,374,GUAYAS,QUITO,2021-05-12,2026-02-21
1472,202602,CUS-00473,CÉDULA,8353069586,MTRO. ARMANDO PINEDA,RETAIL,781,GUAYAS,QUITO,2026-01-27,2026-02-21
1473,202602,CUS-00474,RUC,6189852032001,LUIS MANUEL ZARATE DUEÑAS,CORPORATIVO,402,PICHINCHA,CUENCA,2023-07-23,2026-02-21
1474,202602,CUS-00475,CÉDULA,0237825945,MTRO. INÉS CANDELARIA,CORPORATIVO,596,AZUAY,CUENCA,2021-05-18,2026-02-21
1475,202602,CUS-00476,PASAPORTE,P39568965,ITZEL LUCERO MALAVE,WEALTH,477,GUAYAS,GUAYAQUIL,2021-08-09,2026-02-21
1476,202602,CUS-00477,CÉDULA,0108998615,SALVADOR POLANCO,PYME,514,PICHINCHA,CUENCA,2022-09-06,2026-02-21
1477,202602,CUS-00478,CÉDULA,3004130359,MARÍA JERÓNIMO RAMÓN,CORPORATIVO,614,MANABÍ,GUAYAQUIL,2026-01-16,2026-02-21
1478,202602,CUS-00479,PASAPORTE,P30618277,JESÚS PUGA LAUREANO,CORPORATIVO,338,LOJA,MANTA,2024-11-24,2026-02-21
1479,202602,CUS-00480,CÉDULA,2313812340,ANTONIO PALOMINO NARVÁEZ,RETAIL,558,PICHINCHA,CUENCA,2025-12-07,2026-02-21
1480,202602,CUS-00481,CÉDULA,6968351319,DR. ALTA  GRACIA COLLAZO,RETAIL,306,LOJA,QUITO,2023-08-22,2026-02-21
1481,202602,CUS-00482,CÉDULA,4609969557,LIC. ALDO CASTRO,CORPORATIVO,348,GUAYAS,QUITO,2022-09-17,2026-02-21
1482,202602,CUS-00483,CÉDULA,7524148909,EUGENIO NAVARRO NÁJERA,RETAIL,837,GUAYAS,CUENCA,2023-02-03,2026-02-21
1483,202602,CUS-00484,CÉDULA,4568546041,RAQUEL APODACA,WEALTH,460,PICHINCHA,GUAYAQUIL,2022-12-02,2026-02-21
1484,202602,CUS-00485,CÉDULA,3645126154,DR. MARÍA DEL CARMEN NEVÁREZ,CORPORATIVO,475,LOJA,QUITO,2021-10-14,2026-02-21
1485,202602,CUS-00486,RUC,9093130175001,MARÍA ARACELI VELA CHAPA,RETAIL,890,GUAYAS,GUAYAQUIL,2024-07-06,2026-02-21
1486,202602,CUS-00487,CÉDULA,1598684662,MTRO. LEONEL MARTÍNEZ,WEALTH,301,MANABÍ,CUENCA,2022-10-18,2026-02-21
1487,202602,CUS-00488,CÉDULA,6089546494,FELIX CAMILA ALVAREZ ESCAMILLA,RETAIL,754,AZUAY,CUENCA,2025-08-15,2026-02-21
1488,202602,CUS-00489,PASAPORTE,P96962292,NORMA ONTIVEROS,RETAIL,943,AZUAY,QUITO,2023-08-29,2026-02-21
1489,202602,CUS-00490,RUC,5522776933001,SR(A). FRIDA HURTADO,RETAIL,575,GUAYAS,CUENCA,2023-08-26,2026-02-21
1490,202602,CUS-00491,CÉDULA,2427628486,ERNESTO LIRA,CORPORATIVO,797,LOJA,MANTA,2025-01-06,2026-02-21
1491,202602,CUS-00492,CÉDULA,6518570409,ELVIRA CASILLAS,PYME,928,GUAYAS,MANTA,2021-04-04,2026-02-21
1492,202602,CUS-00493,CÉDULA,7708180983,ANTONIA MARÍA CRISTINA DE LEÓN,RETAIL,975,LOJA,QUITO,2025-02-13,2026-02-21
1493,202602,CUS-00494,CÉDULA,8654811827,ASUNCIÓN MAYA,WEALTH,327,MANABÍ,MANTA,2023-07-11,2026-02-21
1494,202602,CUS-00495,CÉDULA,8730381297,ANDRÉS PAULINA TORRES LÓPEZ,CORPORATIVO,632,LOJA,GUAYAQUIL,2025-06-26,2026-02-21
1495,202602,CUS-00496,CÉDULA,5764835111,CRISTINA TEODORO DELGADO NÁJERA,CORPORATIVO,300,GUAYAS,QUITO,2021-04-29,2026-02-21
1496,202602,CUS-00497,CÉDULA,9611862264,DR. CARLOS FERNÁNDEZ,WEALTH,487,MANABÍ,QUITO,2021-12-11,2026-02-21
1497,202602,CUS-00498,CÉDULA,9578026567,EVA MIGUEL ALVAREZ,RETAIL,355,PICHINCHA,GUAYAQUIL,2024-07-20,2026-02-21
1498,202602,CUS-00499,PASAPORTE,P52160230,PERLA RENATO NEGRETE ROBLES,PYME,846,AZUAY,MANTA,2021-07-13,2026-02-21
1499,202602,CUS-00500,PASAPORTE,P49212756,DR. SARA BRISEÑO,RETAIL,411,GUAYAS,MANTA,2024-04-08,2026-02-21
