cliente_id,codigo_unico_cliente,nombre,email,telefono,tipo_identificacion,identificacion,segmento,provincia,ciudad,fecha_registro,score_crediticio,periodo,fecha_proceso,fecha_ingesta
1000,CUS-00001,ALBERTO LAUREANO GUEVARA,maresleonel@hotmail.com,(513)534-6554x94717,CÉDULA,5080432512,WEALTH,Guayas,Guayaquil,2024-12-26,584,202602,2026-02-21,2026-02-21 19:17:59.877054
1001,CUS-00002,CLARA BENJAMÍN TREJO,asotelo@yahoo.com,+99(9)1738168460,PASAPORTE,P48197146,CORPORATIVO,Guayas,Guayaquil,2022-05-22,495,202602,2026-02-21,2026-02-21 19:17:59.877054
1002,CUS-00003,ROSA PICHARDO APARICIO,castilloilse@hotmail.com,235-697-2521,CÉDULA,7050104985,CORPORATIVO,Manabí,Manta,2023-06-29,606,202602,2026-02-21,2026-02-21 19:17:59.877054
1003,CUS-00004,AURELIO GAMEZ GONZALES,rasconmartha@hotmail.com,525.007.4329x271,CÉDULA,0018204650,WEALTH,Loja,Quito,2023-01-04,963,202602,2026-02-21,2026-02-21 19:17:59.877054
1004,CUS-00005,ING. ALDONZA VALENTÍN,carolina89@gmail.com,966-667-6008,CÉDULA,4452464449,WEALTH,Guayas,Cuenca,2022-12-17,313,202602,2026-02-21,2026-02-21 19:17:59.877054
1005,CUS-00006,VIOLETA PATRICIO PEREA,magdalenasandoval@gmail.com,1-505-830-0335,CÉDULA,9204802300,WEALTH,Pichincha,Quito,2025-08-08,445,202602,2026-02-21,2026-02-21 19:17:59.877054
1006,CUS-00007,MARISOL ROLANDO LEDESMA,sisneroscristian@yahoo.com,(216)894-2104,CÉDULA,7176991552,PYME,Pichincha,Manta,2023-10-28,356,202602,2026-02-21,2026-02-21 19:17:59.877054
1007,CUS-00008,CRISTOBAL PICHARDO MOLINA,cynthiamedrano@hotmail.com,(789)856-2575,RUC,1054806441001,WEALTH,Loja,Quito,2022-06-27,509,202602,2026-02-21,2026-02-21 19:17:59.877054
1008,CUS-00009,CRISTAL ESMERALDA MIRAMONTES CANALES,javiersolano@yahoo.com,1-260-332-3098,CÉDULA,2651511121,RETAIL,Loja,Manta,2026-02-01,828,202602,2026-02-21,2026-02-21 19:17:59.877054
1009,CUS-00010,JUAN CALDERÓN MUÑOZ,henriquezelsa@hotmail.com,(150)648-9090,CÉDULA,3850769204,CORPORATIVO,Manabí,Guayaquil,2024-06-03,643,202602,2026-02-21,2026-02-21 19:17:59.877054
1010,CUS-00011,SALMA GABINO ARMAS RICO,carmen49@hotmail.com,(100)167-6184x72304,CÉDULA,3970903741,WEALTH,Azuay,Cuenca,2023-05-03,910,202602,2026-02-21,2026-02-21 19:17:59.877054
1011,CUS-00012,SR(A). JOSÉ MARÍA BERRÍOS,sandovaltomas@gmail.com,(184)992-6189x141,PASAPORTE,P54128665,WEALTH,Pichincha,Guayaquil,2021-11-02,578,202602,2026-02-21,2026-02-21 19:17:59.877054
1012,CUS-00013,MTRO. SOLEDAD NÁJERA,davidzedillo@yahoo.com,07393483564,RUC,7373782219001,PYME,Loja,Quito,2024-11-15,508,202602,2026-02-21,2026-02-21 19:17:59.877054
1013,CUS-00014,DR. ÁNGELA ARMENTA,anayaariadna@gmail.com,(087)375-3001,CÉDULA,2244195450,PYME,Pichincha,Guayaquil,2021-03-02,940,202602,2026-02-21,2026-02-21 19:17:59.877054
1014,CUS-00015,GREGORIO ARCELIA GONZALES,uriel39@yahoo.com,09721811437,CÉDULA,4891098988,CORPORATIVO,Loja,Cuenca,2025-07-23,634,202602,2026-02-21,2026-02-21 19:17:59.877054
1015,CUS-00016,JUAN LEDESMA RENDÓN,salinassoledad@hotmail.com,(470)120-4556,CÉDULA,5709307023,RETAIL,Guayas,Guayaquil,2024-09-07,587,202602,2026-02-21,2026-02-21 19:17:59.877054
1016,CUS-00017,DALIA JOSÉ EDUARDO MOTA FUENTES,tomas47@gmail.com,110.022.5579x41552,CÉDULA,7596719726,CORPORATIVO,Pichincha,Cuenca,2021-09-10,551,202602,2026-02-21,2026-02-21 19:17:59.877054
1017,CUS-00018,VICENTE ANGÉLICA DE LA TORRE TEJEDA,dluevano@gmail.com,06674676212,CÉDULA,2619522864,WEALTH,Guayas,Cuenca,2022-07-25,564,202602,2026-02-21,2026-02-21 19:17:59.877054
1018,CUS-00019,DALIA MARÍA TERESA OJEDA,cottomarcos@yahoo.com,1-021-697-9729x65902,CÉDULA,9680659803,RETAIL,Pichincha,Guayaquil,2021-10-22,570,202602,2026-02-21,2026-02-21 19:17:59.877054
1019,CUS-00020,TIMOTEO PORFIRIO GAONA MELÉNDEZ,nrivera@yahoo.com,716.701.4508x993,CÉDULA,8392813517,RETAIL,Azuay,Manta,2023-03-31,999,202602,2026-02-21,2026-02-21 19:17:59.877054
1020,CUS-00021,ESTELA APARICIO MATA,humbertomatos@hotmail.com,(588)916-3756x28900,CÉDULA,7029845391,RETAIL,Manabí,Quito,2022-10-18,718,202602,2026-02-21,2026-02-21 19:17:59.877054
1021,CUS-00022,GABRIEL BARRAZA,leonor25@hotmail.com,287-721-7535x40838,CÉDULA,7548045455,RETAIL,Guayas,Manta,2021-04-18,510,202602,2026-02-21,2026-02-21 19:17:59.877054
1022,CUS-00023,RAQUEL IGNACIO GALINDO,matosfabiola@yahoo.com,663-177-9717x75170,CÉDULA,6376862274,CORPORATIVO,Loja,Manta,2024-06-21,664,202602,2026-02-21,2026-02-21 19:17:59.877054
1023,CUS-00024,LEONARDO REYNOSO,jaramillomaria-del-carmen@gmail.com,06608801994,CÉDULA,3751335507,PYME,Azuay,Guayaquil,2025-11-18,375,202602,2026-02-21,2026-02-21 19:17:59.877054
1024,CUS-00025,GABINO CLARA GURULE,beatrizarteaga@yahoo.com,837-550-3758x9975,CÉDULA,5281792459,PYME,Pichincha,Quito,2025-12-09,959,202602,2026-02-21,2026-02-21 19:17:59.877054
1025,CUS-00026,ING. FRIDA VIERA,pperalta@gmail.com,1-711-305-5488x51027,CÉDULA,5323030095,WEALTH,Guayas,Quito,2026-01-20,620,202602,2026-02-21,2026-02-21 19:17:59.877054
1026,CUS-00027,RODOLFO OZUNA,reynaldo53@gmail.com,614-933-1637,CÉDULA,4320517946,PYME,Pichincha,Manta,2021-09-25,732,202602,2026-02-21,2026-02-21 19:17:59.877054
1027,CUS-00028,ESTEFANÍA CITLALI SAUCEDO SALCIDO,dserrato@yahoo.com,1-516-091-7798,CÉDULA,9171304808,PYME,Pichincha,Guayaquil,2023-08-02,408,202602,2026-02-21,2026-02-21 19:17:59.877054
1028,CUS-00029,AMANDA CARMONA CORRAL,miriam01@yahoo.com,708-086-9782,CÉDULA,7562041478,PYME,Pichincha,Quito,2023-08-14,940,202602,2026-02-21,2026-02-21 19:17:59.877054
1029,CUS-00030,LUISA RUBÉN BARELA,nguajardo@hotmail.com,1-922-169-9586x69346,CÉDULA,1220757842,PYME,Manabí,Manta,2024-07-19,821,202602,2026-02-21,2026-02-21 19:17:59.877054
1030,CUS-00031,JUANA YBARRA,amanda04@yahoo.com,1-472-269-8485,CÉDULA,4442938981,WEALTH,Manabí,Quito,2021-10-10,346,202602,2026-02-21,2026-02-21 19:17:59.877054
1031,CUS-00032,ÓLIVER HEREDIA,ilira@gmail.com,1-833-394-5228x85158,CÉDULA,7767250608,CORPORATIVO,Loja,Guayaquil,2024-11-23,678,202602,2026-02-21,2026-02-21 19:17:59.877054
1032,CUS-00033,SR(A). CAMILA TERÁN,pradocecilia@yahoo.com,996.846.0810x620,CÉDULA,0061477262,RETAIL,Guayas,Guayaquil,2025-01-15,395,202602,2026-02-21,2026-02-21 19:17:59.877054
1033,CUS-00034,TOMÁS JACINTO CARRASCO LOZADA,karina50@yahoo.com,(034)244-2043x80571,RUC,5526279303001,PYME,Azuay,Guayaquil,2023-02-20,402,202602,2026-02-21,2026-02-21 19:17:59.877054
1034,CUS-00035,CRISTINA RENDÓN,vargasramiro@gmail.com,838.638.4066x6580,PASAPORTE,P63580460,CORPORATIVO,Azuay,Quito,2024-10-08,445,202602,2026-02-21,2026-02-21 19:17:59.877054
1035,CUS-00036,FRIDA SANCHES DOMÍNGUEZ,perla41@yahoo.com,+43(9)7359893347,RUC,3519490553001,PYME,Azuay,Cuenca,2024-11-06,326,202602,2026-02-21,2026-02-21 19:17:59.877054
1036,CUS-00037,SR(A). SOCORRO LUGO,rurbina@hotmail.com,(122)816-0648,CÉDULA,7377431223,PYME,Pichincha,Quito,2025-04-08,829,202602,2026-02-21,2026-02-21 19:17:59.877054
1037,CUS-00038,ING. ELVIA CORRAL,cazaresbeatriz@yahoo.com,229-405-7202,CÉDULA,3943975576,RETAIL,Manabí,Cuenca,2021-10-18,978,202602,2026-02-21,2026-02-21 19:17:59.877054
1038,CUS-00039,CYNTHIA PAOLA TAMEZ ABREGO,ivonne85@gmail.com,1-909-479-8515,CÉDULA,9971807334,RETAIL,Guayas,Guayaquil,2025-12-05,381,202602,2026-02-21,2026-02-21 19:17:59.877054
1039,CUS-00040,MTRO. MINERVA ALMARAZ,salvadorsaucedo@yahoo.com,328-182-6886x1533,CÉDULA,7479098527,RETAIL,Pichincha,Manta,2025-02-07,727,202602,2026-02-21,2026-02-21 19:17:59.877054
1040,CUS-00041,JOS MALDONADO GRIJALVA,armentaalfonso@gmail.com,(555)439-8780x15739,CÉDULA,8560449356,PYME,Manabí,Cuenca,2021-10-08,883,202602,2026-02-21,2026-02-21 19:17:59.877054
1041,CUS-00042,FABIOLA VALVERDE BERRÍOS,mario87@gmail.com,305.616.4840x8588,CÉDULA,8056274848,PYME,Manabí,Guayaquil,2022-11-10,778,202602,2026-02-21,2026-02-21 19:17:59.877054
1042,CUS-00043,MERCEDES BARRIENTOS TEJADA,itzelmatos@gmail.com,1-704-358-1128x801,CÉDULA,9384982389,PYME,Guayas,Guayaquil,2021-03-16,461,202602,2026-02-21,2026-02-21 19:17:59.877054
1043,CUS-00044,CAROLINA VICTORIA ROLDÁN,lluna@yahoo.com,1-361-386-1207,RUC,5161102578001,RETAIL,Guayas,Cuenca,2024-07-24,701,202602,2026-02-21,2026-02-21 19:17:59.877054
1044,CUS-00045,DR. GABINO SUÁREZ,tvalladares@yahoo.com,1-501-102-4819x34667,CÉDULA,6354700591,WEALTH,Guayas,Manta,2021-05-26,807,202602,2026-02-21,2026-02-21 19:17:59.877054
1045,CUS-00046,LIC. ERIC TIRADO,negreteisabel@hotmail.com,665-061-8091x90158,CÉDULA,4060380355,CORPORATIVO,Pichincha,Guayaquil,2025-04-16,337,202602,2026-02-21,2026-02-21 19:17:59.877054
1046,CUS-00047,HUGO LEONOR NIÑO,penarodolfo@yahoo.com,04491476607,CÉDULA,7060627207,WEALTH,Loja,Cuenca,2023-04-15,810,202602,2026-02-21,2026-02-21 19:17:59.877054
1047,CUS-00048,NOEMÍ RAZO,zambranomario@yahoo.com,(832)684-2450,CÉDULA,2102115015,PYME,Guayas,Manta,2024-02-15,692,202602,2026-02-21,2026-02-21 19:17:59.877054
1048,CUS-00049,FERNANDO GARZA BARELA,ameliavergara@yahoo.com,(821)009-9688x1435,CÉDULA,2307662992,PYME,Loja,Manta,2021-03-06,793,202602,2026-02-21,2026-02-21 19:17:59.877054
1049,CUS-00050,ALEJANDRA ROLANDO URRUTIA GODÍNEZ,ofeliaolivares@gmail.com,1-682-223-9431,CÉDULA,1066167086,WEALTH,Pichincha,Guayaquil,2023-07-17,499,202602,2026-02-21,2026-02-21 19:17:59.877054
1050,CUS-00051,DR. ABRAHAM BATISTA,alonsovega@hotmail.com,(908)781-4141,PASAPORTE,P27675842,PYME,Loja,Quito,2022-07-20,554,202602,2026-02-21,2026-02-21 19:17:59.877054
1051,CUS-00052,ESTELA BARRETO APARICIO,espinoaida@yahoo.com,1-975-523-1491,CÉDULA,2071277334,CORPORATIVO,Azuay,Quito,2021-07-20,478,202602,2026-02-21,2026-02-21 19:17:59.877054
1052,CUS-00053,ANGÉLICA NOELIA GRANADOS LEIVA,lourdes26@hotmail.com,1-577-594-9299,RUC,5461696064001,PYME,Loja,Guayaquil,2023-04-14,846,202602,2026-02-21,2026-02-21 19:17:59.877054
1053,CUS-00054,ERNESTO TIRADO,liliasanchez@hotmail.com,562.053.3645,RUC,2231104391001,CORPORATIVO,Guayas,Manta,2024-03-24,893,202602,2026-02-21,2026-02-21 19:17:59.877054
1054,CUS-00055,REINA REYNALDO ROJAS,tbanuelos@gmail.com,577-754-7812,CÉDULA,2663445814,WEALTH,Pichincha,Guayaquil,2024-10-14,688,202602,2026-02-21,2026-02-21 19:17:59.877054
1055,CUS-00056,MARIO LORENZO ESPINAL,ramiromelendez@hotmail.com,914-283-4110x80996,RUC,2395709760001,WEALTH,Guayas,Cuenca,2022-01-27,697,202602,2026-02-21,2026-02-21 19:17:59.877054
1056,CUS-00057,BEATRIZ PRADO MORENO,ysotelo@yahoo.com,1-308-488-7256x3942,CÉDULA,1208718685,PYME,Azuay,Quito,2022-07-18,457,202602,2026-02-21,2026-02-21 19:17:59.877054
1057,CUS-00058,LILIA ROBLES,maria-luisatejada@yahoo.com,1-881-658-0392x827,CÉDULA,5399164514,CORPORATIVO,Guayas,Cuenca,2021-09-18,303,202602,2026-02-21,2026-02-21 19:17:59.877054
1058,CUS-00059,ZACARÍAS CALVILLO BALLESTEROS,zoe49@yahoo.com,(299)275-0373,CÉDULA,9385104859,PYME,Guayas,Guayaquil,2022-06-16,466,202602,2026-02-21,2026-02-21 19:17:59.877054
1059,CUS-00060,IVONNE CARDONA,fernandoleiva@hotmail.com,04530385677,CÉDULA,6495485718,RETAIL,Guayas,Guayaquil,2024-08-23,767,202602,2026-02-21,2026-02-21 19:17:59.877054
1060,CUS-00061,ELISA ELIAS TERÁN,espartaco44@hotmail.com,+05(1)8449892665,CÉDULA,4690949150,RETAIL,Manabí,Manta,2024-06-21,708,202602,2026-02-21,2026-02-21 19:17:59.877054
1061,CUS-00062,CLARA PICHARDO,minervamateo@yahoo.com,1-184-638-6557x7908,CÉDULA,2432947306,RETAIL,Azuay,Manta,2023-04-15,711,202602,2026-02-21,2026-02-21 19:17:59.877054
1062,CUS-00063,GERMÁN MARÍA TERESA HARO,rafael44@gmail.com,723-184-3222,RUC,7251675547001,RETAIL,Guayas,Manta,2023-07-05,503,202602,2026-02-21,2026-02-21 19:17:59.877054
1063,CUS-00064,MARGARITA URBINA CALVILLO,wortega@gmail.com,913.651.7773,CÉDULA,0933223018,PYME,Guayas,Cuenca,2025-01-20,493,202602,2026-02-21,2026-02-21 19:17:59.877054
1064,CUS-00065,URIEL TOLEDO ALEJANDRO,alma41@yahoo.com,1-260-302-9922x8092,CÉDULA,9148870087,RETAIL,Guayas,Manta,2021-08-27,534,202602,2026-02-21,2026-02-21 19:17:59.877054
1065,CUS-00066,EVA DE LA CRÚZ PALOMO,vhidalgo@yahoo.com,+24(2)8699041379,CÉDULA,9862214251,CORPORATIVO,Pichincha,Guayaquil,2024-10-16,449,202602,2026-02-21,2026-02-21 19:17:59.877054
1066,CUS-00067,MAURICIO GALLARDO,eloytijerina@yahoo.com,723.692.9298x425,CÉDULA,2400986072,WEALTH,Manabí,Manta,2024-03-12,458,202602,2026-02-21,2026-02-21 19:17:59.877054
1067,CUS-00068,ANA MARÍA DE ANDA,citlali19@hotmail.com,1-991-366-2103x886,RUC,7406455781001,WEALTH,Pichincha,Quito,2022-01-30,578,202602,2026-02-21,2026-02-21 19:17:59.877054
1068,CUS-00069,ABELARDO ORELLANA,federicoarteaga@hotmail.com,912-799-0881,CÉDULA,8989960694,RETAIL,Manabí,Manta,2025-05-31,703,202602,2026-02-21,2026-02-21 19:17:59.877054
1069,CUS-00070,MARÍA ELENA GONZALO PIÑA VALADEZ,teodorogonzales@gmail.com,07298068650,PASAPORTE,P59646827,RETAIL,Guayas,Cuenca,2024-04-14,977,202602,2026-02-21,2026-02-21 19:17:59.877054
1070,CUS-00071,CRISTAL ESPINAL,pedrazaisabel@hotmail.com,1-863-765-9916x24731,CÉDULA,1613621960,RETAIL,Azuay,Quito,2021-11-18,610,202602,2026-02-21,2026-02-21 19:17:59.877054
1071,CUS-00072,ESTEBAN ANA LUISA VENEGAS TORRES,rcamarillo@gmail.com,(986)430-0981,CÉDULA,7212479666,PYME,Loja,Quito,2021-09-28,367,202602,2026-02-21,2026-02-21 19:17:59.877054
1072,CUS-00073,HUMBERTO BÁEZ ARTEAGA,urbinacristina@yahoo.com,063-565-1269x4486,CÉDULA,7035810916,WEALTH,Loja,Quito,2023-02-23,762,202602,2026-02-21,2026-02-21 19:17:59.877054
1073,CUS-00074,LIC. NADIA TAMEZ,promero@gmail.com,1-594-636-8872x5887,RUC,2916126304001,RETAIL,Guayas,Cuenca,2022-07-05,387,202602,2026-02-21,2026-02-21 19:17:59.877054
1074,CUS-00075,ANA LUISA NANCY BLANCO,ines40@gmail.com,495-621-3721,CÉDULA,8789863400,CORPORATIVO,Pichincha,Guayaquil,2022-02-06,516,202602,2026-02-21,2026-02-21 19:17:59.877054
1075,CUS-00076,ÁNGELA ROSARIO BARRETO,oswaldoarchuleta@gmail.com,1-865-890-2601,CÉDULA,2713148048,RETAIL,Azuay,Manta,2021-11-14,300,202602,2026-02-21,2026-02-21 19:17:59.877054
1076,CUS-00077,KARINA CARLA VARGAS,cdel-valle@yahoo.com,796-114-3519,CÉDULA,0873944567,WEALTH,Manabí,Quito,2021-03-24,434,202602,2026-02-21,2026-02-21 19:17:59.877054
1077,CUS-00078,RICARDO ROSARIO ARENAS,vescamilla@yahoo.com,+66(9)8490277038,CÉDULA,7186337354,RETAIL,Guayas,Quito,2022-02-19,996,202602,2026-02-21,2026-02-21 19:17:59.877054
1078,CUS-00079,SR(A). LOURDES VERGARA,aguirrehector@hotmail.com,(309)883-9205,CÉDULA,2918980927,WEALTH,Azuay,Quito,2025-06-18,650,202602,2026-02-21,2026-02-21 19:17:59.877054
1079,CUS-00080,ING. IGNACIO IBARRA,mezagloria@yahoo.com,021.465.6693,CÉDULA,5445608239,RETAIL,Azuay,Guayaquil,2023-01-15,439,202602,2026-02-21,2026-02-21 19:17:59.877054
1080,CUS-00081,YOLANDA HUMBERTO GRIEGO,gcervantes@yahoo.com,011-848-9554x3937,RUC,0921107225001,CORPORATIVO,Manabí,Guayaquil,2023-10-07,917,202602,2026-02-21,2026-02-21 19:17:59.877054
1081,CUS-00082,LEONARDO CÉSAR MACÍAS REYNA,elisa15@gmail.com,904-268-1818x451,CÉDULA,7883418728,RETAIL,Azuay,Cuenca,2024-08-22,432,202602,2026-02-21,2026-02-21 19:17:59.877054
1082,CUS-00083,ANTONIA ABRIL REYNOSO VALLADARES,thinojosa@gmail.com,489-476-9735x7790,CÉDULA,2819878417,CORPORATIVO,Pichincha,Guayaquil,2026-01-15,919,202602,2026-02-21,2026-02-21 19:17:59.877054
1083,CUS-00084,ANTONIA TERRAZAS GALLARDO,mirandagustavo@hotmail.com,141.633.5658x804,CÉDULA,5749154401,CORPORATIVO,Pichincha,Manta,2022-04-01,477,202602,2026-02-21,2026-02-21 19:17:59.877054
1084,CUS-00085,MTRO. CÉSAR MONTES,deliapalomino@yahoo.com,416.518.2755,CÉDULA,7292771705,RETAIL,Pichincha,Cuenca,2023-04-09,657,202602,2026-02-21,2026-02-21 19:17:59.877054
1085,CUS-00086,FELIPE NEGRÓN LINARES,asuncion61@gmail.com,1-942-373-3343,CÉDULA,7270884935,CORPORATIVO,Azuay,Cuenca,2021-06-12,679,202602,2026-02-21,2026-02-21 19:17:59.877054
1086,CUS-00087,MARCELA PAMELA MADRID,mateomejia@gmail.com,339.521.1179,CÉDULA,6498269946,PYME,Pichincha,Manta,2023-04-11,957,202602,2026-02-21,2026-02-21 19:17:59.877054
1087,CUS-00088,ING. ABRIL URRUTIA,ibarrajuan-carlos@gmail.com,+80(7)5957947284,CÉDULA,1316108071,RETAIL,Manabí,Manta,2021-05-25,749,202602,2026-02-21,2026-02-21 19:17:59.877054
1088,CUS-00089,WILFRIDO BERNARDO CERVANTES JAIME,vjaramillo@yahoo.com,392-086-7808x562,RUC,7252698145001,RETAIL,Azuay,Manta,2021-09-09,885,202602,2026-02-21,2026-02-21 19:17:59.877054
1089,CUS-00090,BERNABÉ URIBE CORTÉS,ibarraursula@yahoo.com,1-187-500-3691x559,CÉDULA,3331305095,CORPORATIVO,Loja,Cuenca,2022-12-16,762,202602,2026-02-21,2026-02-21 19:17:59.877054
1090,CUS-00091,GUILLERMINA SALMA GAITÁN MONTALVO,anelcasanova@yahoo.com,284-347-9552,CÉDULA,0597113236,CORPORATIVO,Azuay,Cuenca,2025-11-08,407,202602,2026-02-21,2026-02-21 19:17:59.877054
1091,CUS-00092,TANIA GABINO SANTIAGO,cristobal68@hotmail.com,636.556.4729x293,CÉDULA,0529691130,RETAIL,Manabí,Cuenca,2024-09-12,421,202602,2026-02-21,2026-02-21 19:17:59.877054
1092,CUS-00093,FIDEL ÁVALOS,caridad45@hotmail.com,04386632270,CÉDULA,2866313520,PYME,Loja,Manta,2022-05-17,316,202602,2026-02-21,2026-02-21 19:17:59.877054
1093,CUS-00094,TANIA PIÑA LEBRÓN,estefaniacepeda@yahoo.com,(672)885-7448,CÉDULA,7443528420,CORPORATIVO,Azuay,Manta,2025-08-13,495,202602,2026-02-21,2026-02-21 19:17:59.877054
1094,CUS-00095,ABELARDO MERINO CEDILLO,maria-elenazelaya@yahoo.com,1-061-203-4717x5455,CÉDULA,9512087178,CORPORATIVO,Pichincha,Quito,2022-01-18,626,202602,2026-02-21,2026-02-21 19:17:59.877054
1095,CUS-00096,CYNTHIA MARGARITA UREÑA PONCE,eulloa@hotmail.com,(845)061-5939x9824,CÉDULA,0471362479,WEALTH,Guayas,Guayaquil,2021-02-20,617,202602,2026-02-21,2026-02-21 19:17:59.877054
1096,CUS-00097,SR(A). BRUNO BENÍTEZ,fernandoybarra@gmail.com,587.716.9472,CÉDULA,2386033858,PYME,Guayas,Quito,2024-06-10,778,202602,2026-02-21,2026-02-21 19:17:59.877054
1097,CUS-00098,PATRICIO ALEJANDRO NEGRÓN,tsuarez@yahoo.com,(569)961-1253,CÉDULA,5544177074,PYME,Pichincha,Manta,2022-09-30,551,202602,2026-02-21,2026-02-21 19:17:59.877054
1098,CUS-00099,ING. CONCEPCIÓN POSADA,vallebruno@gmail.com,1-544-964-7598,CÉDULA,1158058752,RETAIL,Guayas,Cuenca,2022-07-26,802,202602,2026-02-21,2026-02-21 19:17:59.877054
1099,CUS-00100,ALMA HOMERO NAVA,renatoteran@gmail.com,1-622-023-4132x611,CÉDULA,7808553097,PYME,Guayas,Manta,2022-07-16,418,202602,2026-02-21,2026-02-21 19:17:59.877054
1100,CUS-00101,JORGE GAITÁN HARO,itzelsolis@yahoo.com,07800681149,CÉDULA,1010080395,RETAIL,Pichincha,Guayaquil,2024-03-04,973,202602,2026-02-21,2026-02-21 19:17:59.877054
1101,CUS-00102,JOAQUÍN VALENCIA PALOMO,florezrodolfo@yahoo.com,164-334-7228,CÉDULA,6156991196,WEALTH,Pichincha,Quito,2023-04-18,797,202602,2026-02-21,2026-02-21 19:17:59.877054
1102,CUS-00103,DR. EVA CURIEL,segoviamarisela@gmail.com,(005)577-8487,CÉDULA,0725858681,PYME,Azuay,Quito,2022-05-26,785,202602,2026-02-21,2026-02-21 19:17:59.877054
1103,CUS-00104,LILIANA ALBERTO DUARTE,gcenteno@yahoo.com,829-979-6884,CÉDULA,7713633595,CORPORATIVO,Azuay,Cuenca,2023-08-06,344,202602,2026-02-21,2026-02-21 19:17:59.877054
1104,CUS-00105,LILIA YOLANDA GUZMÁN JARAMILLO,dvalle@hotmail.com,783.174.5642,RUC,9289156829001,WEALTH,Pichincha,Quito,2022-10-23,613,202602,2026-02-21,2026-02-21 19:17:59.877054
1105,CUS-00106,BIANCA JUANA ARELLANO,umanzanares@gmail.com,(008)254-7807,CÉDULA,2637646215,RETAIL,Manabí,Quito,2021-09-11,478,202602,2026-02-21,2026-02-21 19:17:59.877054
1106,CUS-00107,ESTELA FELICIANO,ahernandez@hotmail.com,406.493.0853x686,CÉDULA,1254782922,WEALTH,Guayas,Manta,2024-06-26,717,202602,2026-02-21,2026-02-21 19:17:59.877054
1107,CUS-00108,JERÓNIMO MAGAÑA,ricardobeltran@gmail.com,326-634-1638x944,CÉDULA,5060497343,RETAIL,Azuay,Quito,2024-07-21,855,202602,2026-02-21,2026-02-21 19:17:59.877054
1108,CUS-00109,ESPARTA ALBERTO ESPINOZA,smontanez@gmail.com,846-312-2417x97497,CÉDULA,3710283941,WEALTH,Guayas,Quito,2024-12-28,377,202602,2026-02-21,2026-02-21 19:17:59.877054
1109,CUS-00110,ISAAC LEIVA,barrientosmariana@gmail.com,1-502-080-2144,CÉDULA,3113569229,RETAIL,Loja,Quito,2021-10-16,625,202602,2026-02-21,2026-02-21 19:17:59.877054
1110,CUS-00111,GERMÁN MONTOYA SAUCEDO,lucas22@hotmail.com,703-120-7356,CÉDULA,5217402973,PYME,Pichincha,Cuenca,2022-12-10,989,202602,2026-02-21,2026-02-21 19:17:59.877054
1111,CUS-00112,OMAR MERAZ,ynoriega@yahoo.com,(757)051-2046,CÉDULA,6916445857,CORPORATIVO,Manabí,Cuenca,2025-03-10,656,202602,2026-02-21,2026-02-21 19:17:59.877054
1112,CUS-00113,CAMILO IBARRA DOMÍNGUEZ,fnunez@hotmail.com,08723460136,RUC,6831650881001,RETAIL,Loja,Manta,2024-11-08,715,202602,2026-02-21,2026-02-21 19:17:59.877054
1113,CUS-00114,MTRO. ALFONSO CARDONA,ursulamontero@gmail.com,1-303-718-3764x520,RUC,2440773692001,WEALTH,Loja,Quito,2024-01-31,814,202602,2026-02-21,2026-02-21 19:17:59.877054
1114,CUS-00115,LIC. JAIME MARTÍNEZ,pabloorozco@hotmail.com,881.474.3503x13650,CÉDULA,5998043708,RETAIL,Loja,Cuenca,2024-02-29,513,202602,2026-02-21,2026-02-21 19:17:59.877054
1115,CUS-00116,SAMUEL SEGURA,espartaacosta@gmail.com,(491)630-0979,RUC,5384440077001,RETAIL,Pichincha,Cuenca,2022-05-01,373,202602,2026-02-21,2026-02-21 19:17:59.877054
1116,CUS-00117,JUDITH VELÁZQUEZ ESPINAL,marisol86@hotmail.com,513-271-9500,RUC,5311843906001,RETAIL,Azuay,Manta,2022-07-09,862,202602,2026-02-21,2026-02-21 19:17:59.877054
1117,CUS-00118,ALVARO MARCO ANTONIO ABREU SOLÍS,pgodinez@yahoo.com,281.273.5857,CÉDULA,2544400293,WEALTH,Pichincha,Guayaquil,2024-01-23,878,202602,2026-02-21,2026-02-21 19:17:59.877054
1118,CUS-00119,DR. JOSÉ PRADO,cristal43@hotmail.com,306.524.0778x48739,RUC,4171818671001,CORPORATIVO,Azuay,Quito,2021-07-29,808,202602,2026-02-21,2026-02-21 19:17:59.877054
1119,CUS-00120,WENDOLIN MENÉNDEZ MARTÍNEZ,apariciovirginia@yahoo.com,(855)749-8218,CÉDULA,6536319671,PYME,Loja,Cuenca,2021-09-02,631,202602,2026-02-21,2026-02-21 19:17:59.877054
1120,CUS-00121,HELENA SARABIA MARES,guajardoemiliano@gmail.com,744-857-0862,RUC,4067545106001,CORPORATIVO,Loja,Manta,2024-04-15,392,202602,2026-02-21,2026-02-21 19:17:59.877054
1121,CUS-00122,ITZEL PADRÓN,villegasaldo@yahoo.com,+95(9)3518638782,RUC,6991109770001,RETAIL,Manabí,Manta,2024-02-24,987,202602,2026-02-21,2026-02-21 19:17:59.877054
1122,CUS-00123,PERLA CAROLINA ESPINOSA PERES,guevaraalvaro@yahoo.com,456.511.8102x2031,CÉDULA,7830024489,WEALTH,Azuay,Manta,2021-05-05,956,202602,2026-02-21,2026-02-21 19:17:59.877054
1123,CUS-00124,ZOÉ DELGADO,igonzalez@gmail.com,310.967.8994x053,CÉDULA,1158088848,CORPORATIVO,Loja,Cuenca,2025-12-25,818,202602,2026-02-21,2026-02-21 19:17:59.877054
1124,CUS-00125,ING. HERMELINDA PALOMINO,cintronnadia@yahoo.com,103.717.0586x5094,CÉDULA,3153525118,RETAIL,Guayas,Quito,2025-07-24,568,202602,2026-02-21,2026-02-21 19:17:59.877054
1125,CUS-00126,SR(A). HERNÁN LLAMAS,renematos@hotmail.com,014-138-1138x6338,CÉDULA,6207568409,PYME,Manabí,Guayaquil,2025-03-24,675,202602,2026-02-21,2026-02-21 19:17:59.877054
1126,CUS-00127,LUIS MANUEL RICARDO ZEPEDA,eva42@hotmail.com,(392)886-1957x61228,RUC,6428000259001,PYME,Pichincha,Quito,2022-02-07,303,202602,2026-02-21,2026-02-21 19:17:59.877054
1127,CUS-00128,MARTHA MARGARITA QUINTANILLA GALLARDO,lilianamacias@yahoo.com,852-897-5585x566,RUC,2791824971001,PYME,Manabí,Manta,2023-05-15,437,202602,2026-02-21,2026-02-21 19:17:59.877054
1128,CUS-00129,LIC. DARÍO BRAVO,valdesrosa@hotmail.com,593.983.6845x77600,CÉDULA,5498414365,RETAIL,Guayas,Manta,2021-08-19,530,202602,2026-02-21,2026-02-21 19:17:59.877054
1129,CUS-00130,NOELIA WILFRIDO MEZA CABÁN,socorroponce@hotmail.com,(908)240-4335,CÉDULA,1466483234,WEALTH,Azuay,Guayaquil,2025-11-06,899,202602,2026-02-21,2026-02-21 19:17:59.877054
1130,CUS-00131,ZACARÍAS HORACIO GARZA,warreola@hotmail.com,+48(8)8992107522,CÉDULA,5213432793,CORPORATIVO,Pichincha,Quito,2024-03-26,828,202602,2026-02-21,2026-02-21 19:17:59.877054
1131,CUS-00132,CONCEPCIÓN ALBERTO ARREDONDO,usosa@hotmail.com,593-344-1969,CÉDULA,1103986966,PYME,Pichincha,Manta,2022-08-24,351,202602,2026-02-21,2026-02-21 19:17:59.877054
1132,CUS-00133,MARTÍN SANTIAGO BELTRÁN,jparedes@yahoo.com,1-157-279-1940,CÉDULA,7099733356,RETAIL,Azuay,Manta,2023-07-06,945,202602,2026-02-21,2026-02-21 19:17:59.877054
1133,CUS-00134,LINDA VELÁSQUEZ,wenriquez@hotmail.com,961.055.6613x90604,CÉDULA,5079655458,RETAIL,Manabí,Quito,2024-12-11,624,202602,2026-02-21,2026-02-21 19:17:59.877054
1134,CUS-00135,JUAN CARLOS MIGUEL ÁNGEL PABÓN,oguajardo@yahoo.com,058-925-8320x6799,RUC,9897989770001,CORPORATIVO,Loja,Manta,2023-10-22,576,202602,2026-02-21,2026-02-21 19:17:59.877054
1135,CUS-00136,CONCEPCIÓN VANESA ADAME,marisolbaeza@hotmail.com,136-462-2517x9086,CÉDULA,9431723698,PYME,Manabí,Quito,2021-11-27,835,202602,2026-02-21,2026-02-21 19:17:59.877054
1136,CUS-00137,LUZ GAONA DEL VALLE,jpena@hotmail.com,168-622-7837,CÉDULA,1239061402,RETAIL,Guayas,Manta,2021-10-11,785,202602,2026-02-21,2026-02-21 19:17:59.877054
1137,CUS-00138,LIC. AMADOR VALDÉS,juliaguerra@yahoo.com,938-983-3146x591,CÉDULA,1064054269,CORPORATIVO,Loja,Quito,2023-03-26,815,202602,2026-02-21,2026-02-21 19:17:59.877054
1138,CUS-00139,CARLOS MARÍA EUGENIA CEPEDA,isabelberrios@yahoo.com,06655355904,CÉDULA,8881264129,WEALTH,Manabí,Guayaquil,2024-09-12,451,202602,2026-02-21,2026-02-21 19:17:59.877054
1139,CUS-00140,YENI TAMEZ,aurelio83@gmail.com,(597)927-0335,PASAPORTE,P56806723,WEALTH,Azuay,Manta,2025-08-06,782,202602,2026-02-21,2026-02-21 19:17:59.877054
1140,CUS-00141,ING. ILSE QUINTERO,jose-maria99@gmail.com,110-392-4051,PASAPORTE,P95963740,WEALTH,Guayas,Guayaquil,2024-12-08,558,202602,2026-02-21,2026-02-21 19:17:59.877054
1141,CUS-00142,ING. LUIS ULIBARRI,escobedorodrigo@hotmail.com,(770)538-3388,CÉDULA,3287058630,PYME,Guayas,Manta,2025-05-15,623,202602,2026-02-21,2026-02-21 19:17:59.877054
1142,CUS-00143,CRISTOBAL ROLDÁN,maurofrias@yahoo.com,879-206-9804,CÉDULA,1447571259,CORPORATIVO,Guayas,Manta,2023-12-10,467,202602,2026-02-21,2026-02-21 19:17:59.877054
1143,CUS-00144,FRANCISCO JAVIER GUTIÉRREZ,adela33@hotmail.com,(043)940-7016,CÉDULA,2551615021,CORPORATIVO,Loja,Cuenca,2022-11-16,987,202602,2026-02-21,2026-02-21 19:17:59.877054
1144,CUS-00145,NICOLÁS MERCEDES GRIEGO LAUREANO,roquefederico@hotmail.com,(451)046-3681x57981,CÉDULA,6375934869,RETAIL,Pichincha,Quito,2022-12-20,609,202602,2026-02-21,2026-02-21 19:17:59.877054
1145,CUS-00146,ARACELI LIRA,leonelgrijalva@hotmail.com,(387)800-3845,CÉDULA,8607326275,RETAIL,Loja,Guayaquil,2024-04-15,778,202602,2026-02-21,2026-02-21 19:17:59.877054
1146,CUS-00147,GEORGINA ISRAEL MAYA,guillermina67@hotmail.com,620.555.4384x046,CÉDULA,4377084355,RETAIL,Manabí,Guayaquil,2021-09-22,355,202602,2026-02-21,2026-02-21 19:17:59.877054
1147,CUS-00148,SR(A). CITLALI CORONA,homero45@hotmail.com,+84(3)2562168936,CÉDULA,1760453130,CORPORATIVO,Pichincha,Guayaquil,2023-04-27,919,202602,2026-02-21,2026-02-21 19:17:59.877054
1148,CUS-00149,JUAN CARLOS CRISTIAN GALLEGOS,grobledo@hotmail.com,926.495.7823,CÉDULA,6118418802,RETAIL,Manabí,Quito,2023-07-22,772,202602,2026-02-21,2026-02-21 19:17:59.877054
1149,CUS-00150,LINDA PANTOJA MENÉNDEZ,nmaya@yahoo.com,298-324-8262x92518,CÉDULA,3693165255,CORPORATIVO,Pichincha,Cuenca,2023-10-04,595,202602,2026-02-21,2026-02-21 19:17:59.877054
1150,CUS-00151,LIC. LINDA BAÑUELOS,liliana09@gmail.com,(125)205-6647x4231,RUC,4390951279001,CORPORATIVO,Loja,Guayaquil,2025-11-26,760,202602,2026-02-21,2026-02-21 19:17:59.877054
1151,CUS-00152,LUCÍA JULIO VIERA,adrianaibarra@hotmail.com,209-949-9939,CÉDULA,5263842112,WEALTH,Guayas,Quito,2025-02-03,623,202602,2026-02-21,2026-02-21 19:17:59.877054
1152,CUS-00153,RENÉ OLIVARES ROMERO,jlucero@gmail.com,305.172.8975,CÉDULA,1319818503,RETAIL,Azuay,Manta,2021-12-21,440,202602,2026-02-21,2026-02-21 19:17:59.877054
1153,CUS-00154,JESÚS LUGO ORELLANA,estela69@gmail.com,(677)223-3060,CÉDULA,0532285841,WEALTH,Guayas,Guayaquil,2022-07-05,966,202602,2026-02-21,2026-02-21 19:17:59.877054
1154,CUS-00155,PABLO TREVIÑO,purbina@hotmail.com,633-312-7975,PASAPORTE,P74138331,PYME,Loja,Guayaquil,2025-12-23,561,202602,2026-02-21,2026-02-21 19:17:59.877054
1155,CUS-00156,DR. MICAELA GAONA,francisco77@yahoo.com,1-366-096-5699x988,CÉDULA,5162242198,PYME,Pichincha,Cuenca,2022-08-03,719,202602,2026-02-21,2026-02-21 19:17:59.877054
1156,CUS-00157,MARCO ANTONIO MERCEDES ANAYA ORDÓÑEZ,jesusde-la-o@gmail.com,081-770-3886x08680,CÉDULA,1178628248,PYME,Guayas,Guayaquil,2025-12-02,540,202602,2026-02-21,2026-02-21 19:17:59.877054
1157,CUS-00158,YOLANDA LETICIA DE JESÚS ROBLES,ienriquez@hotmail.com,1-476-447-2649,CÉDULA,2603367046,CORPORATIVO,Loja,Guayaquil,2021-06-11,654,202602,2026-02-21,2026-02-21 19:17:59.877054
1158,CUS-00159,SILVIA OSWALDO AMADOR,soriaaldo@gmail.com,+82(7)7181298266,CÉDULA,3335614326,CORPORATIVO,Manabí,Manta,2026-01-01,888,202602,2026-02-21,2026-02-21 19:17:59.877054
1159,CUS-00160,ROSALIA VALLE,aguayoliliana@gmail.com,1-702-793-7145,CÉDULA,5645461455,CORPORATIVO,Azuay,Quito,2022-02-02,479,202602,2026-02-21,2026-02-21 19:17:59.877054
1160,CUS-00161,ARMANDO PORRAS CERVÁNTEZ,angelcorona@gmail.com,1-211-175-1868x92686,CÉDULA,4969764049,RETAIL,Guayas,Quito,2025-03-19,365,202602,2026-02-21,2026-02-21 19:17:59.877054
1161,CUS-00162,DULCE ARTEAGA,nataliaresendez@yahoo.com,+25(9)2222064474,CÉDULA,1441430204,WEALTH,Pichincha,Cuenca,2023-08-13,647,202602,2026-02-21,2026-02-21 19:17:59.877054
1162,CUS-00163,JUAN ITZEL GALARZA RENTERÍA,rosasvictoria@yahoo.com,212-309-4077x78097,CÉDULA,3649313172,CORPORATIVO,Manabí,Manta,2023-10-20,470,202602,2026-02-21,2026-02-21 19:17:59.877054
1163,CUS-00164,IVÁN JUAN LEDESMA PÉREZ,aguayooscar@hotmail.com,397.767.1990,CÉDULA,8359490807,WEALTH,Loja,Quito,2023-09-16,773,202602,2026-02-21,2026-02-21 19:17:59.877054
1164,CUS-00165,ARIADNA MARIANO ALMARAZ TIRADO,balcala@hotmail.com,849.830.2205,CÉDULA,8801091974,WEALTH,Azuay,Manta,2021-07-06,833,202602,2026-02-21,2026-02-21 19:17:59.877054
1165,CUS-00166,JERÓNIMO GARRIDO BARRIENTOS,omar40@hotmail.com,+20(9)9451016224,RUC,6175700672001,WEALTH,Pichincha,Quito,2023-04-30,666,202602,2026-02-21,2026-02-21 19:17:59.877054
1166,CUS-00167,ALTA  GRACIA GUTIÉRREZ FELICIANO,gduarte@gmail.com,998.279.5014x5561,CÉDULA,4064778602,RETAIL,Loja,Manta,2023-09-08,406,202602,2026-02-21,2026-02-21 19:17:59.877054
1167,CUS-00168,SILVIA CORRAL GRIEGO,fabiolaespinosa@hotmail.com,(814)721-4586x833,CÉDULA,7270434793,RETAIL,Loja,Cuenca,2023-12-14,738,202602,2026-02-21,2026-02-21 19:17:59.877054
1168,CUS-00169,MARIO YOLANDA CARRERO,joaquin46@gmail.com,019.817.9469x5489,CÉDULA,3262294457,PYME,Guayas,Guayaquil,2023-02-02,526,202602,2026-02-21,2026-02-21 19:17:59.877054
1169,CUS-00170,DR. MARTHA HIDALGO,leticia79@gmail.com,529.978.7729x3430,CÉDULA,9507788112,PYME,Guayas,Cuenca,2024-03-05,743,202602,2026-02-21,2026-02-21 19:17:59.877054
1170,CUS-00171,DANIELA SAMUEL ZEPEDA CARRERO,helenablanco@hotmail.com,00713966055,CÉDULA,0338889619,WEALTH,Pichincha,Quito,2022-03-05,741,202602,2026-02-21,2026-02-21 19:17:59.877054
1171,CUS-00172,HUGO BIANCA VÉLIZ,cabanleticia@yahoo.com,(303)441-4488x5015,CÉDULA,4371541907,PYME,Loja,Cuenca,2021-02-26,695,202602,2026-02-21,2026-02-21 19:17:59.877054
1172,CUS-00173,HUGO VELÁSQUEZ NÚÑEZ,eurias@gmail.com,1-699-023-5577,CÉDULA,1688798153,WEALTH,Guayas,Guayaquil,2023-12-31,880,202602,2026-02-21,2026-02-21 19:17:59.877054
1173,CUS-00174,ELVIA BENÍTEZ,de-la-torrearmando@yahoo.com,+27(2)7857608495,CÉDULA,3420742966,RETAIL,Azuay,Cuenca,2024-02-06,383,202602,2026-02-21,2026-02-21 19:17:59.877054
1174,CUS-00175,DR. BENJAMÍN MADERA,kmeraz@gmail.com,(803)955-1240x5682,CÉDULA,0814477665,RETAIL,Azuay,Quito,2021-03-08,914,202602,2026-02-21,2026-02-21 19:17:59.877054
1175,CUS-00176,SR(A). RAÚL ARGUELLO,godinezeric@hotmail.com,1-962-914-5046x1735,CÉDULA,5851143126,RETAIL,Loja,Quito,2025-10-13,850,202602,2026-02-21,2026-02-21 19:17:59.877054
1176,CUS-00177,ÓSCAR LUIS MIGUEL NEVÁREZ BARRIENTOS,cjuarez@gmail.com,1-438-421-5031x780,CÉDULA,7540725266,CORPORATIVO,Guayas,Cuenca,2023-09-14,312,202602,2026-02-21,2026-02-21 19:17:59.877054
1177,CUS-00178,MTRO. ADÁN PERES,pamela90@gmail.com,823.578.4521x823,CÉDULA,8479970420,WEALTH,Pichincha,Guayaquil,2023-08-29,992,202602,2026-02-21,2026-02-21 19:17:59.877054
1178,CUS-00179,BERNABÉ PRIETO,adriana39@gmail.com,076.810.4091x57018,RUC,3729189461001,RETAIL,Pichincha,Cuenca,2024-09-28,792,202602,2026-02-21,2026-02-21 19:17:59.877054
1179,CUS-00180,TERESA MARÍA LUISA CORRAL PUGA,tbermudez@gmail.com,(409)435-3344x85714,CÉDULA,8833599950,WEALTH,Pichincha,Guayaquil,2022-06-07,567,202602,2026-02-21,2026-02-21 19:17:59.877054
1180,CUS-00181,OCTAVIO URIEL JIMÍNEZ,raquelordonez@hotmail.com,241-098-8138,CÉDULA,8148326572,PYME,Azuay,Manta,2025-05-27,824,202602,2026-02-21,2026-02-21 19:17:59.877054
1181,CUS-00182,ING. MAXIMILIANO RIVERO,juan-carlos21@hotmail.com,854.249.3214,CÉDULA,4933397529,PYME,Guayas,Guayaquil,2022-08-15,419,202602,2026-02-21,2026-02-21 19:17:59.877054
1182,CUS-00183,ROSALIA JASSO,ana16@gmail.com,587.020.7016x0166,RUC,4545764953001,RETAIL,Guayas,Manta,2022-06-25,652,202602,2026-02-21,2026-02-21 19:17:59.877054
1183,CUS-00184,FELIPE ASUNCIÓN LEIVA RAYA,molinasalma@hotmail.com,(997)954-5381,RUC,8306632749001,WEALTH,Azuay,Cuenca,2021-09-25,356,202602,2026-02-21,2026-02-21 19:17:59.877054
1184,CUS-00185,MARISOL REBECA OJEDA,bmena@hotmail.com,1-921-717-4773x329,CÉDULA,6337711220,RETAIL,Pichincha,Guayaquil,2022-04-05,339,202602,2026-02-21,2026-02-21 19:17:59.877054
1185,CUS-00186,ALICIA MIGUEL ÁNGEL MELÉNDEZ ECHEVERRÍA,maria-del-carmen73@yahoo.com,562-557-7017,CÉDULA,2579543236,PYME,Pichincha,Manta,2023-10-22,635,202602,2026-02-21,2026-02-21 19:17:59.877054
1186,CUS-00187,ERIC MOTA,lpreciado@hotmail.com,05772459928,RUC,0601308500001,RETAIL,Loja,Manta,2022-08-07,939,202602,2026-02-21,2026-02-21 19:17:59.877054
1187,CUS-00188,JACINTO GILBERTO YBARRA LEAL,xbriones@hotmail.com,06158148769,CÉDULA,5335689483,WEALTH,Manabí,Manta,2024-05-03,472,202602,2026-02-21,2026-02-21 19:17:59.877054
1188,CUS-00189,SR(A). NOEMÍ ESPINO,fernando11@yahoo.com,(393)827-6153x966,CÉDULA,9120550242,PYME,Guayas,Quito,2025-11-07,846,202602,2026-02-21,2026-02-21 19:17:59.877054
1189,CUS-00190,FABIOLA PALOMO SÁENZ,juancorrales@hotmail.com,1-583-219-7199x7581,CÉDULA,9292443049,CORPORATIVO,Guayas,Cuenca,2022-07-12,558,202602,2026-02-21,2026-02-21 19:17:59.877054
1190,CUS-00191,DR. MARTÍN SALAS,xmateo@gmail.com,1-246-191-9657x013,CÉDULA,4359366120,PYME,Guayas,Manta,2021-10-20,816,202602,2026-02-21,2026-02-21 19:17:59.877054
1191,CUS-00192,ADRIANA CABÁN,adamehomero@yahoo.com,902-278-4699,RUC,7835858378001,CORPORATIVO,Manabí,Guayaquil,2025-07-04,822,202602,2026-02-21,2026-02-21 19:17:59.877054
1192,CUS-00193,ESTELA LETICIA GUERRERO MALAVE,genaro12@gmail.com,1-335-494-6519x098,RUC,3479562679001,RETAIL,Loja,Manta,2021-05-25,416,202602,2026-02-21,2026-02-21 19:17:59.877054
1193,CUS-00194,MTRO. MARIO URIBE,luis-manuelrangel@hotmail.com,240-580-0851x403,CÉDULA,5985837319,RETAIL,Manabí,Quito,2026-01-15,483,202602,2026-02-21,2026-02-21 19:17:59.877054
1194,CUS-00195,MTRO. LUZ URBINA,bcandelaria@gmail.com,(965)666-6832x723,CÉDULA,8431065173,WEALTH,Pichincha,Cuenca,2026-02-01,415,202602,2026-02-21,2026-02-21 19:17:59.877054
1195,CUS-00196,JESÚS MARÍA ELENA JUÁREZ MALAVE,perla19@hotmail.com,(656)242-2010x2762,CÉDULA,7649978494,CORPORATIVO,Pichincha,Quito,2022-03-10,461,202602,2026-02-21,2026-02-21 19:17:59.877054
1196,CUS-00197,ESTHER CARLA ESPINOZA MATA,judith04@yahoo.com,02679692786,CÉDULA,1426947022,RETAIL,Guayas,Quito,2021-09-20,878,202602,2026-02-21,2026-02-21 19:17:59.877054
1197,CUS-00198,OMAR ESCALANTE ESPINOSA,ubravo@hotmail.com,(765)326-9097x3846,RUC,8488014398001,CORPORATIVO,Azuay,Quito,2024-05-20,842,202602,2026-02-21,2026-02-21 19:17:59.877054
1198,CUS-00199,MAXIMILIANO GERÓNIMO VILLALPANDO,reinasoliz@gmail.com,(950)097-5197x1284,RUC,6560071986001,RETAIL,Guayas,Guayaquil,2024-04-20,886,202602,2026-02-21,2026-02-21 19:17:59.877054
1199,CUS-00200,ING. GUILLERMINA CAMARILLO,ide-la-o@yahoo.com,1-818-913-7189x490,CÉDULA,5001551094,PYME,Azuay,Cuenca,2026-01-01,536,202602,2026-02-21,2026-02-21 19:17:59.877054
1200,CUS-00201,GUSTAVO ESPERANZA MURO,gabriel72@gmail.com,1-807-787-9565,CÉDULA,4158191265,RETAIL,Manabí,Cuenca,2022-10-05,365,202602,2026-02-21,2026-02-21 19:17:59.877054
1201,CUS-00202,HERMELINDA ADELA TEJEDA,manuelleal@yahoo.com,(420)949-4079,CÉDULA,7759220643,WEALTH,Pichincha,Guayaquil,2025-11-15,369,202602,2026-02-21,2026-02-21 19:17:59.877054
1202,CUS-00203,GERARDO AMALIA AYALA,maximiliano15@yahoo.com,(904)904-7128,CÉDULA,9335774538,PYME,Azuay,Cuenca,2025-07-24,746,202602,2026-02-21,2026-02-21 19:17:59.877054
1203,CUS-00204,MTRO. CARMEN SALAS,socorrosaldivar@hotmail.com,04429444019,RUC,7990187270001,WEALTH,Manabí,Quito,2022-06-17,715,202602,2026-02-21,2026-02-21 19:17:59.877054
1204,CUS-00205,ADÁN VELA LINARES,maria-josecarbajal@gmail.com,(927)524-3728,CÉDULA,9325636812,PYME,Pichincha,Cuenca,2021-10-22,831,202602,2026-02-21,2026-02-21 19:17:59.877054
1205,CUS-00206,MAURO QUINTANA,abraham65@hotmail.com,+51(2)9276637239,CÉDULA,4279778344,CORPORATIVO,Azuay,Guayaquil,2025-08-19,740,202602,2026-02-21,2026-02-21 19:17:59.877054
1206,CUS-00207,DULCE MARÍA AMELIA HERNÁDEZ ROMO,cmendoza@yahoo.com,504.102.7674x78366,CÉDULA,7687193516,WEALTH,Guayas,Quito,2022-08-12,763,202602,2026-02-21,2026-02-21 19:17:59.877054
1207,CUS-00208,ANDRÉS PACHECO SALAZAR,ivillegas@yahoo.com,428.604.7658x018,CÉDULA,2217500674,RETAIL,Guayas,Guayaquil,2026-01-25,695,202602,2026-02-21,2026-02-21 19:17:59.877054
1208,CUS-00209,REYNALDO AVILÉS CORONADO,salvador37@yahoo.com,569-454-4149x67393,CÉDULA,4355286064,CORPORATIVO,Guayas,Manta,2024-04-08,850,202602,2026-02-21,2026-02-21 19:17:59.877054
1209,CUS-00210,RAMÓN HERNÁN BRIONES,leonelmatos@yahoo.com,525-800-1061x8175,CÉDULA,4135964820,RETAIL,Manabí,Quito,2021-03-11,956,202602,2026-02-21,2026-02-21 19:17:59.877054
1210,CUS-00211,CARIDAD PORFIRIO PEÑA,yvelasquez@gmail.com,443.009.1093,CÉDULA,3831942835,PYME,Guayas,Quito,2022-12-01,856,202602,2026-02-21,2026-02-21 19:17:59.877054
1211,CUS-00212,ING. SERAFÍN GASTÉLUM,jose-manuel46@yahoo.com,111.926.9212x4471,CÉDULA,1528184715,PYME,Loja,Cuenca,2024-10-16,694,202602,2026-02-21,2026-02-21 19:17:59.877054
1212,CUS-00213,LIC. MARÍA DEL CARMEN QUINTERO,valleelvira@hotmail.com,746-542-1406x65044,CÉDULA,2947904231,RETAIL,Pichincha,Quito,2022-07-15,625,202602,2026-02-21,2026-02-21 19:17:59.877054
1213,CUS-00214,ROLANDO LUIS MIGUEL MAGAÑA VARELA,paulinaamador@hotmail.com,(717)396-2712,CÉDULA,8219865042,RETAIL,Manabí,Guayaquil,2022-06-02,390,202602,2026-02-21,2026-02-21 19:17:59.877054
1214,CUS-00215,SR(A). SANTIAGO CAMACHO,cfuentes@yahoo.com,(639)174-1011x9470,CÉDULA,0311277658,CORPORATIVO,Guayas,Cuenca,2021-03-20,369,202602,2026-02-21,2026-02-21 19:17:59.877054
1215,CUS-00216,SOCORRO ERIC JAIME,paredeszacarias@yahoo.com,200.642.5690x877,CÉDULA,3076623985,RETAIL,Pichincha,Manta,2024-06-04,465,202602,2026-02-21,2026-02-21 19:17:59.877054
1216,CUS-00217,CRISTINA GRIJALVA DELGADILLO,taniamadrigal@gmail.com,(618)306-7198x554,CÉDULA,4284433068,WEALTH,Azuay,Guayaquil,2025-06-24,941,202602,2026-02-21,2026-02-21 19:17:59.877054
1217,CUS-00218,SR(A). CRISTINA ACEVEDO,victoria26@yahoo.com,015-851-7432x806,CÉDULA,2120561753,WEALTH,Guayas,Manta,2025-11-01,513,202602,2026-02-21,2026-02-21 19:17:59.877054
1218,CUS-00219,MARÍA DEL CARMEN VILLEGAS,rangelrufino@yahoo.com,(346)157-1732x03093,CÉDULA,4722308779,RETAIL,Pichincha,Manta,2024-01-21,900,202602,2026-02-21,2026-02-21 19:17:59.877054
1219,CUS-00220,GUILLERMO APODACA,gtellez@hotmail.com,618.478.7005x050,RUC,5658222928001,WEALTH,Loja,Manta,2024-10-02,634,202602,2026-02-21,2026-02-21 19:17:59.877054
1220,CUS-00221,GRACIELA GUILLERMINA RENDÓN,ctorrez@yahoo.com,138-782-9310x270,CÉDULA,3686823754,RETAIL,Azuay,Quito,2024-07-31,668,202602,2026-02-21,2026-02-21 19:17:59.877054
1221,CUS-00222,EUGENIA JAIME VILLALPANDO,cardonafelix@hotmail.com,903.202.0417x929,CÉDULA,3708073842,CORPORATIVO,Loja,Guayaquil,2025-11-13,883,202602,2026-02-21,2026-02-21 19:17:59.877054
1222,CUS-00223,LUZ CAMILA TOVAR,daniela90@hotmail.com,01179931365,CÉDULA,8833718587,WEALTH,Pichincha,Guayaquil,2022-06-05,976,202602,2026-02-21,2026-02-21 19:17:59.877054
1223,CUS-00224,VICENTE CONCHITA JÁQUEZ,ymeraz@yahoo.com,651.982.5309x25114,CÉDULA,6021444342,WEALTH,Loja,Quito,2024-04-09,348,202602,2026-02-21,2026-02-21 19:17:59.877054
1224,CUS-00225,ANGÉLICA ANA MARÍA DE JESÚS,alarconberta@yahoo.com,625-827-3902,CÉDULA,0488320170,RETAIL,Pichincha,Cuenca,2024-02-29,351,202602,2026-02-21,2026-02-21 19:17:59.877054
1225,CUS-00226,ROSARIO REBECA LOMELI QUIÑONES,nayelisolano@hotmail.com,09620710021,CÉDULA,7675829357,WEALTH,Pichincha,Manta,2022-03-03,588,202602,2026-02-21,2026-02-21 19:17:59.877054
1226,CUS-00227,MAYTE MAESTAS PADRÓN,mariselanoriega@yahoo.com,1-946-723-2487x63290,PASAPORTE,P42538236,PYME,Loja,Guayaquil,2023-05-08,925,202602,2026-02-21,2026-02-21 19:17:59.877054
1227,CUS-00228,MÓNICA PAOLA SALCIDO QUEZADA,svillalobos@hotmail.com,279.145.6083x3181,CÉDULA,6352517168,CORPORATIVO,Pichincha,Quito,2022-10-05,538,202602,2026-02-21,2026-02-21 19:17:59.877054
1228,CUS-00229,RUFINO ARENAS PRECIADO,jaimealvarado@yahoo.com,588.373.4031x2772,RUC,0765558105001,CORPORATIVO,Guayas,Manta,2022-02-27,432,202602,2026-02-21,2026-02-21 19:17:59.877054
1229,CUS-00230,SALMA FIDEL ALVAREZ BUSTOS,lucerolinda@gmail.com,(005)436-4597,CÉDULA,9729080272,WEALTH,Pichincha,Cuenca,2024-04-15,465,202602,2026-02-21,2026-02-21 19:17:59.877054
1230,CUS-00231,ZEFERINO RENÉ VILLAGÓMEZ,colladojaqueline@yahoo.com,+10(8)2207811379,CÉDULA,3705007309,WEALTH,Manabí,Cuenca,2025-06-06,673,202602,2026-02-21,2026-02-21 19:17:59.877054
1231,CUS-00232,ZACARÍAS JIMÉNEZ VELÁZQUEZ,maria-eugenia38@yahoo.com,1-563-531-5313x6363,CÉDULA,6440958874,PYME,Pichincha,Manta,2023-02-12,672,202602,2026-02-21,2026-02-21 19:17:59.877054
1232,CUS-00233,DELIA RODRÍGEZ SOLANO,martin17@hotmail.com,07970623972,CÉDULA,0807426686,PYME,Manabí,Cuenca,2023-05-15,777,202602,2026-02-21,2026-02-21 19:17:59.877054
1233,CUS-00234,GERMÁN DURÁN,ematos@yahoo.com,527-354-3520x904,CÉDULA,2072774096,WEALTH,Pichincha,Guayaquil,2024-10-15,778,202602,2026-02-21,2026-02-21 19:17:59.877054
1234,CUS-00235,LIC. TERESA SALAZAR,carreroagustin@yahoo.com,177-625-3492,CÉDULA,9478660311,WEALTH,Pichincha,Guayaquil,2023-04-23,949,202602,2026-02-21,2026-02-21 19:17:59.877054
1235,CUS-00236,MARIANO MONTERO PAREDES,de-andafederico@hotmail.com,929-831-6873x97740,CÉDULA,1303142730,PYME,Loja,Guayaquil,2021-11-18,890,202602,2026-02-21,2026-02-21 19:17:59.877054
1236,CUS-00237,INÉS YURIDIA CANTÚ CRUZ,pedrocrespo@yahoo.com,633.569.3929x06007,CÉDULA,0928618912,RETAIL,Guayas,Cuenca,2023-07-15,981,202602,2026-02-21,2026-02-21 19:17:59.877054
1237,CUS-00238,LILIA MIGUEL ÁNGEL LOMELI PACHECO,orios@yahoo.com,806.867.1773x18063,CÉDULA,9125886235,PYME,Guayas,Guayaquil,2023-08-15,934,202602,2026-02-21,2026-02-21 19:17:59.877054
1238,CUS-00239,SR(A). MARÍA ELENA BUENO,eduardopreciado@yahoo.com,543-107-4279,CÉDULA,4152710820,RETAIL,Azuay,Quito,2023-06-09,987,202602,2026-02-21,2026-02-21 19:17:59.877054
1239,CUS-00240,FLAVIO IRENE CARRILLO PÁEZ,fajardomaria-del-carmen@hotmail.com,907.726.2570x16580,CÉDULA,6944086785,CORPORATIVO,Loja,Guayaquil,2025-03-21,599,202602,2026-02-21,2026-02-21 19:17:59.877054
1240,CUS-00241,SR(A). VÍCTOR TORRES,aordonez@hotmail.com,(649)893-1950,RUC,4513268459001,CORPORATIVO,Loja,Guayaquil,2022-01-07,381,202602,2026-02-21,2026-02-21 19:17:59.877054
1241,CUS-00242,LILIANA AYALA,emilianoleiva@hotmail.com,501-657-9055x2818,PASAPORTE,P12286798,PYME,Guayas,Cuenca,2023-12-27,386,202602,2026-02-21,2026-02-21 19:17:59.877054
1242,CUS-00243,NORMA JOS SAMANIEGO,velezbenjamin@hotmail.com,1-325-381-7933x55486,RUC,5307617463001,RETAIL,Loja,Guayaquil,2025-11-09,524,202602,2026-02-21,2026-02-21 19:17:59.877054
1243,CUS-00244,AMELIA FIGUEROA,josefinamelgar@gmail.com,015-577-8817,CÉDULA,4700329120,PYME,Guayas,Manta,2022-01-15,315,202602,2026-02-21,2026-02-21 19:17:59.877054
1244,CUS-00245,PAULINA CÉSAR LOERA QUEZADA,qcarrera@hotmail.com,1-884-795-1371x16241,CÉDULA,0547137503,PYME,Loja,Quito,2022-07-20,657,202602,2026-02-21,2026-02-21 19:17:59.877054
1245,CUS-00246,CARLOS ANAYA,osuarez@yahoo.com,02412723804,RUC,0147723959001,RETAIL,Pichincha,Cuenca,2022-09-09,462,202602,2026-02-21,2026-02-21 19:17:59.877054
1246,CUS-00247,DR. CRISTOBAL MÁRQUEZ,lorosco@gmail.com,(827)567-0431x038,CÉDULA,2154949494,PYME,Guayas,Quito,2025-07-26,909,202602,2026-02-21,2026-02-21 19:17:59.877054
1247,CUS-00248,SR(A). PEDRO PANTOJA,jesus79@gmail.com,569-557-9887x74924,PASAPORTE,P26531803,CORPORATIVO,Guayas,Manta,2025-03-24,967,202602,2026-02-21,2026-02-21 19:17:59.877054
1248,CUS-00249,ESPARTACO CARRERA RIOJAS,sessa91@hotmail.com,(437)540-2547,PASAPORTE,P05344801,WEALTH,Manabí,Cuenca,2024-07-29,813,202602,2026-02-21,2026-02-21 19:17:59.877054
1249,CUS-00250,VICENTE CORRALES SAMANIEGO,humbertocarvajal@gmail.com,(928)422-2231,RUC,5462291290001,WEALTH,Loja,Cuenca,2022-01-29,649,202602,2026-02-21,2026-02-21 19:17:59.877054
1250,CUS-00251,NANCY GEORGINA PELAYO ROSAS,camilo25@hotmail.com,+59(2)7452380552,CÉDULA,4463207213,PYME,Loja,Guayaquil,2021-11-09,980,202602,2026-02-21,2026-02-21 19:17:59.877054
1251,CUS-00252,FEDERICO REYES,nayelioquendo@yahoo.com,782.841.0672,CÉDULA,2021758792,RETAIL,Guayas,Quito,2023-04-10,763,202602,2026-02-21,2026-02-21 19:17:59.877054
1252,CUS-00253,DR. JUAN CARLOS ESPINO,reneolivera@yahoo.com,1-520-885-4749x297,RUC,4647404352001,RETAIL,Pichincha,Manta,2023-06-01,674,202602,2026-02-21,2026-02-21 19:17:59.877054
1253,CUS-00254,ING. CELIA BARRIOS,micaelaterrazas@hotmail.com,1-170-281-4069,CÉDULA,4155456407,CORPORATIVO,Pichincha,Manta,2024-05-13,391,202602,2026-02-21,2026-02-21 19:17:59.877054
1254,CUS-00255,LINDA JACINTO SARABIA JARAMILLO,pilarde-la-cruz@yahoo.com,751.509.3983,CÉDULA,3895022935,RETAIL,Pichincha,Cuenca,2023-02-25,480,202602,2026-02-21,2026-02-21 19:17:59.877054
1255,CUS-00256,GUILLERMINA LUGO VILLAGÓMEZ,clara25@yahoo.com,301-871-8637,CÉDULA,6935076821,RETAIL,Loja,Guayaquil,2024-10-05,600,202602,2026-02-21,2026-02-21 19:17:59.877054
1256,CUS-00257,LIC. CONCHITA RAMÓN,munozabril@yahoo.com,1-998-056-2656,RUC,0241236287001,CORPORATIVO,Manabí,Cuenca,2021-10-28,959,202602,2026-02-21,2026-02-21 19:17:59.877054
1257,CUS-00258,LIC. JAIME MERCADO,eloisaolivo@hotmail.com,045.547.8137,CÉDULA,3000072524,PYME,Guayas,Cuenca,2024-11-22,488,202602,2026-02-21,2026-02-21 19:17:59.877054
1258,CUS-00259,ING. JOSÉ MARÍA RESÉNDEZ,rparedes@yahoo.com,674.266.2991x23478,CÉDULA,6155259941,WEALTH,Azuay,Cuenca,2021-03-13,613,202602,2026-02-21,2026-02-21 19:17:59.877054
1259,CUS-00260,ELENA EVELIO VÁZQUEZ OLIVERA,fquiroz@gmail.com,1-196-106-4628,CÉDULA,8727822179,CORPORATIVO,Manabí,Cuenca,2021-08-21,792,202602,2026-02-21,2026-02-21 19:17:59.877054
1260,CUS-00261,LILIA ALVARO MATÍAS,vallejoalta-gracia@gmail.com,1-923-264-8704x947,CÉDULA,0766203840,PYME,Azuay,Manta,2023-01-22,427,202602,2026-02-21,2026-02-21 19:17:59.877054
1261,CUS-00262,JUANA OLVERA,alonso43@hotmail.com,(730)024-4714x6273,PASAPORTE,P47748032,CORPORATIVO,Manabí,Manta,2021-09-09,818,202602,2026-02-21,2026-02-21 19:17:59.877054
1262,CUS-00263,MIGUEL ÁNGEL ALEJANDRO CASTRO,dario79@hotmail.com,+14(7)1959796471,CÉDULA,1768135272,PYME,Pichincha,Cuenca,2021-03-16,725,202602,2026-02-21,2026-02-21 19:17:59.877054
1263,CUS-00264,ING. ISABEL CAMARILLO,gulloa@gmail.com,890.429.0257,CÉDULA,1251706195,CORPORATIVO,Loja,Cuenca,2025-04-17,858,202602,2026-02-21,2026-02-21 19:17:59.877054
1264,CUS-00265,BENITO SOTELO,jassopamela@yahoo.com,1-252-045-6504x48183,RUC,1197162767001,PYME,Azuay,Guayaquil,2025-10-24,864,202602,2026-02-21,2026-02-21 19:17:59.877054
1265,CUS-00266,ADELA COLÓN,quintanapatricio@gmail.com,219-285-5445x18952,CÉDULA,6564600844,CORPORATIVO,Manabí,Cuenca,2021-10-19,486,202602,2026-02-21,2026-02-21 19:17:59.877054
1266,CUS-00267,VANESA CORREA,vcanales@hotmail.com,+28(4)5765213283,CÉDULA,2428850669,PYME,Loja,Manta,2024-12-28,849,202602,2026-02-21,2026-02-21 19:17:59.877054
1267,CUS-00268,MARIANO JAIMES MIRELES,hectorapodaca@yahoo.com,1-898-881-6711,CÉDULA,9375331134,CORPORATIVO,Azuay,Quito,2022-06-24,752,202602,2026-02-21,2026-02-21 19:17:59.877054
1268,CUS-00269,LIC. VIOLETA BLANCO,jaqueline17@gmail.com,075-452-7985,CÉDULA,7536716117,WEALTH,Guayas,Manta,2025-10-31,770,202602,2026-02-21,2026-02-21 19:17:59.877054
1269,CUS-00270,ZEFERINO OSWALDO OLIVARES MATEO,enriquevillalobos@hotmail.com,(401)322-3423,CÉDULA,1808099155,WEALTH,Manabí,Guayaquil,2024-02-20,864,202602,2026-02-21,2026-02-21 19:17:59.877054
1270,CUS-00271,PATRICIA ARANDA,santiago62@hotmail.com,161-107-6031,RUC,0671785488001,RETAIL,Guayas,Manta,2025-02-06,523,202602,2026-02-21,2026-02-21 19:17:59.877054
1271,CUS-00272,SR(A). EUGENIO LOERA,emilianofonseca@gmail.com,+89(0)7140140119,RUC,0281331220001,PYME,Pichincha,Quito,2021-03-09,453,202602,2026-02-21,2026-02-21 19:17:59.877054
1272,CUS-00273,AURORA MANUEL CALVILLO,oscar49@hotmail.com,1-932-501-2495,RUC,5724096908001,CORPORATIVO,Guayas,Cuenca,2025-02-05,859,202602,2026-02-21,2026-02-21 19:17:59.877054
1273,CUS-00274,MARÍA DE LA CRÚZ LUNA,ireneloya@yahoo.com,289.389.1190,RUC,7696444070001,PYME,Guayas,Quito,2023-11-07,650,202602,2026-02-21,2026-02-21 19:17:59.877054
1274,CUS-00275,AMALIA MELÉNDEZ BADILLO,noelia12@yahoo.com,334-280-1387x5927,CÉDULA,3884322490,WEALTH,Manabí,Cuenca,2025-03-25,446,202602,2026-02-21,2026-02-21 19:17:59.877054
1275,CUS-00276,JORGE JOSÉ LUIS PRADO CONCEPCIÓN,lebronvanesa@gmail.com,(125)663-8361x51718,CÉDULA,4568212868,PYME,Pichincha,Cuenca,2025-05-27,875,202602,2026-02-21,2026-02-21 19:17:59.877054
1276,CUS-00277,OLGA LILIA VALLES,felixconcepcion@hotmail.com,754-801-5716,CÉDULA,1431885575,CORPORATIVO,Guayas,Manta,2021-07-25,648,202602,2026-02-21,2026-02-21 19:17:59.877054
1277,CUS-00278,DAVID DELIA BERRÍOS,fernando67@gmail.com,(794)738-6463,CÉDULA,0361877631,PYME,Loja,Manta,2021-11-01,481,202602,2026-02-21,2026-02-21 19:17:59.877054
1278,CUS-00279,LIC. SILVANO GUAJARDO,soledad66@yahoo.com,07520716781,CÉDULA,2547550342,CORPORATIVO,Azuay,Manta,2024-12-08,936,202602,2026-02-21,2026-02-21 19:17:59.877054
1279,CUS-00280,RODOLFO COLLAZO,cabankarina@hotmail.com,02669121535,CÉDULA,8055944945,WEALTH,Guayas,Guayaquil,2025-08-08,478,202602,2026-02-21,2026-02-21 19:17:59.877054
1280,CUS-00281,MARÍA TERESA TEODORO HERNÁNDEZ,jose-carlos77@yahoo.com,1-961-367-4994,RUC,7150392825001,WEALTH,Pichincha,Manta,2025-03-20,338,202602,2026-02-21,2026-02-21 19:17:59.877054
1281,CUS-00282,FLORENCIA AGUIRRE,cabanmaria-jose@hotmail.com,657-967-8427x11477,CÉDULA,0537839950,WEALTH,Guayas,Guayaquil,2022-09-04,302,202602,2026-02-21,2026-02-21 19:17:59.877054
1282,CUS-00283,GRACIELA TREVIÑO,andrea86@gmail.com,201.017.0269,CÉDULA,3607954981,RETAIL,Azuay,Manta,2023-07-14,363,202602,2026-02-21,2026-02-21 19:17:59.877054
1283,CUS-00284,ANTONIA MARGARITA MONTAÑO,fgalarza@yahoo.com,(524)991-1877x34778,CÉDULA,4564806963,WEALTH,Pichincha,Cuenca,2022-05-11,328,202602,2026-02-21,2026-02-21 19:17:59.877054
1284,CUS-00285,MTRO. TIMOTEO PINEDA,gloria58@hotmail.com,858-800-6167,CÉDULA,8436328706,PYME,Manabí,Guayaquil,2023-11-10,671,202602,2026-02-21,2026-02-21 19:17:59.877054
1285,CUS-00286,MARÍA EUGENIA HERMELINDA FARÍAS OLIVO,raulrubio@yahoo.com,1-677-002-8427,CÉDULA,8775372811,RETAIL,Pichincha,Quito,2022-06-23,822,202602,2026-02-21,2026-02-21 19:17:59.877054
1286,CUS-00287,BERNABÉ GRANADO,arredondoberta@hotmail.com,(246)719-7889x778,CÉDULA,6939786473,WEALTH,Manabí,Guayaquil,2023-11-10,396,202602,2026-02-21,2026-02-21 19:17:59.877054
1287,CUS-00288,REINA MUÑOZ,haleman@gmail.com,(806)479-6954,CÉDULA,1580969898,PYME,Pichincha,Guayaquil,2021-03-30,741,202602,2026-02-21,2026-02-21 19:17:59.877054
1288,CUS-00289,MTRO. GUSTAVO ALONZO,areyes@yahoo.com,1-009-025-5905,CÉDULA,9247730035,PYME,Azuay,Quito,2021-05-12,502,202602,2026-02-21,2026-02-21 19:17:59.877054
1289,CUS-00290,GERARDO AGUILERA,cesarmadrid@gmail.com,165-565-0333x491,CÉDULA,7588190143,PYME,Azuay,Guayaquil,2023-11-12,710,202602,2026-02-21,2026-02-21 19:17:59.877054
1290,CUS-00291,SR(A). SAMUEL SALGADO,aurelio54@gmail.com,1-141-520-8507x69864,CÉDULA,3875015194,CORPORATIVO,Pichincha,Cuenca,2021-08-26,320,202602,2026-02-21,2026-02-21 19:17:59.877054
1291,CUS-00292,ESTELA SAMUEL MORA GAONA,wendolin20@yahoo.com,+79(0)5696591713,CÉDULA,4555192570,RETAIL,Guayas,Manta,2025-07-28,850,202602,2026-02-21,2026-02-21 19:17:59.877054
1292,CUS-00293,SILVANO FIDEL CHAPA,eugenia61@hotmail.com,1-785-294-5637,RUC,0158327984001,PYME,Azuay,Quito,2023-03-20,401,202602,2026-02-21,2026-02-21 19:17:59.877054
1293,CUS-00294,SOLEDAD ARENAS MARES,abreuernesto@yahoo.com,183-440-4963x91919,CÉDULA,8126655195,CORPORATIVO,Manabí,Manta,2021-02-22,345,202602,2026-02-21,2026-02-21 19:17:59.877054
1294,CUS-00295,ALDO VENEGAS,centenorosalia@gmail.com,1-419-876-3514,CÉDULA,3210411679,WEALTH,Manabí,Cuenca,2022-04-05,365,202602,2026-02-21,2026-02-21 19:17:59.877054
1295,CUS-00296,CÉSAR AURORA LUCERO MENA,aaguirre@hotmail.com,468-536-6498x7820,CÉDULA,7306037155,PYME,Loja,Quito,2022-04-10,902,202602,2026-02-21,2026-02-21 19:17:59.877054
1296,CUS-00297,DELIA FERNÁNDEZ,carla62@yahoo.com,829-737-4896x90835,CÉDULA,8493494797,CORPORATIVO,Manabí,Manta,2023-01-25,463,202602,2026-02-21,2026-02-21 19:17:59.877054
1297,CUS-00298,PAOLA JOSEFINA TAMEZ,gironjuan-carlos@gmail.com,1-232-466-5136x442,CÉDULA,1675482938,PYME,Loja,Manta,2022-11-27,410,202602,2026-02-21,2026-02-21 19:17:59.877054
1298,CUS-00299,MTRO. DANIEL HINOJOSA,candelariahumberto@yahoo.com,936-312-3034,CÉDULA,5761208602,RETAIL,Pichincha,Cuenca,2022-07-29,637,202602,2026-02-21,2026-02-21 19:17:59.877054
1299,CUS-00300,GUSTAVO MIRELES,citlali62@hotmail.com,1-786-603-2420x448,CÉDULA,3342206901,RETAIL,Pichincha,Manta,2025-09-30,422,202602,2026-02-21,2026-02-21 19:17:59.877054
1300,CUS-00301,MAYTE BENÍTEZ CISNEROS,angelatamez@hotmail.com,(070)015-9416,CÉDULA,3341301099,WEALTH,Pichincha,Cuenca,2024-07-24,746,202602,2026-02-21,2026-02-21 19:17:59.877054
1301,CUS-00302,ZOÉ ZEFERINO OSORIO,de-andamarcos@yahoo.com,162.319.8189,CÉDULA,3369884900,PYME,Guayas,Guayaquil,2024-07-28,910,202602,2026-02-21,2026-02-21 19:17:59.877054
1302,CUS-00303,MTRO. AURORA ORTEGA,soledadcoronado@yahoo.com,471-391-5596x3632,CÉDULA,5178347242,CORPORATIVO,Guayas,Cuenca,2024-09-18,590,202602,2026-02-21,2026-02-21 19:17:59.877054
1303,CUS-00304,GABINO TERÁN CASTAÑEDA,fgamboa@gmail.com,02347649078,CÉDULA,9226669744,WEALTH,Loja,Guayaquil,2025-08-25,970,202602,2026-02-21,2026-02-21 19:17:59.877054
1304,CUS-00305,JOSÉ CARLOS IGLESIAS,carlotavillalpando@hotmail.com,158.673.4257,CÉDULA,3693137826,PYME,Manabí,Quito,2023-08-07,711,202602,2026-02-21,2026-02-21 19:17:59.877054
1305,CUS-00306,LIC. TEODORO NIETO,bmontoya@yahoo.com,1-540-900-3486x45183,PASAPORTE,P83924027,WEALTH,Manabí,Manta,2026-02-04,914,202602,2026-02-21,2026-02-21 19:17:59.877054
1306,CUS-00307,ZEFERINO GONZÁLEZ RODRÍGUEZ,fernandolebron@hotmail.com,1-606-441-3432x756,CÉDULA,7317793218,CORPORATIVO,Pichincha,Cuenca,2022-04-06,580,202602,2026-02-21,2026-02-21 19:17:59.877054
1307,CUS-00308,SILVANO VALENTÍN MENCHACA,guzmanperla@hotmail.com,+41(7)7656124815,CÉDULA,0647364488,WEALTH,Azuay,Cuenca,2025-12-03,342,202602,2026-02-21,2026-02-21 19:17:59.877054
1308,CUS-00309,DR. VICENTE BARAJAS,aldonza43@hotmail.com,(985)700-2720x634,CÉDULA,8554897665,WEALTH,Guayas,Manta,2022-07-19,785,202602,2026-02-21,2026-02-21 19:17:59.877054
1309,CUS-00310,HERMELINDA PAREDES,julio-cesarlucero@hotmail.com,1-911-238-2965,CÉDULA,4322535238,WEALTH,Guayas,Manta,2021-07-09,895,202602,2026-02-21,2026-02-21 19:17:59.877054
1310,CUS-00311,CLARA ARMENTA ARCHULETA,grijalvamiguel-angel@yahoo.com,1-724-295-4316x526,CÉDULA,4691482853,PYME,Pichincha,Quito,2022-10-22,350,202602,2026-02-21,2026-02-21 19:17:59.877054
1311,CUS-00312,MIGUEL CAMILO CALDERÓN GOLLUM,guajardomodesto@hotmail.com,930-089-3173x420,CÉDULA,6754547069,CORPORATIVO,Guayas,Quito,2022-12-10,509,202602,2026-02-21,2026-02-21 19:17:59.877054
1312,CUS-00313,DR. JULIA RENDÓN,suarezadan@yahoo.com,969-421-5291x086,CÉDULA,9180958033,RETAIL,Pichincha,Cuenca,2025-10-06,425,202602,2026-02-21,2026-02-21 19:17:59.877054
1313,CUS-00314,YURIDIA PAOLA PEREA VILLAGÓMEZ,cesar69@yahoo.com,1-713-334-4762x639,PASAPORTE,P84450082,PYME,Loja,Quito,2021-07-24,791,202602,2026-02-21,2026-02-21 19:17:59.877054
1314,CUS-00315,LINDA VANESA CAMACHO,patricio27@gmail.com,1-436-262-0443,RUC,3087176506001,RETAIL,Manabí,Guayaquil,2021-05-10,808,202602,2026-02-21,2026-02-21 19:17:59.877054
1315,CUS-00316,SERGIO PANTOJA,villagomezangel@gmail.com,735.971.0725x6366,CÉDULA,9680188553,RETAIL,Azuay,Quito,2021-11-23,880,202602,2026-02-21,2026-02-21 19:17:59.877054
1316,CUS-00317,ALONSO JOSÉ EDUARDO GAMBOA QUIROZ,esmeralda00@yahoo.com,941.180.0537x59900,CÉDULA,3420060029,PYME,Manabí,Quito,2023-04-14,557,202602,2026-02-21,2026-02-21 19:17:59.877054
1317,CUS-00318,EUGENIO NARANJO,soledad86@yahoo.com,896-465-2809,CÉDULA,3310232790,PYME,Manabí,Cuenca,2022-10-24,487,202602,2026-02-21,2026-02-21 19:17:59.877054
1318,CUS-00319,JOSÉ CARLOS TOVAR MUÑOZ,oborrego@hotmail.com,(428)757-2158,CÉDULA,1637258007,CORPORATIVO,Loja,Guayaquil,2022-01-17,529,202602,2026-02-21,2026-02-21 19:17:59.877054
1319,CUS-00320,LEONEL LEAL ESPINAL,germanbotello@yahoo.com,(241)502-7456x449,CÉDULA,2404572298,CORPORATIVO,Guayas,Quito,2023-04-07,488,202602,2026-02-21,2026-02-21 19:17:59.877054
1320,CUS-00321,MARÍA ELENA BUSTOS GALINDO,seguraemilia@gmail.com,856-257-2870,CÉDULA,3361752847,WEALTH,Azuay,Guayaquil,2025-08-09,714,202602,2026-02-21,2026-02-21 19:17:59.877054
1321,CUS-00322,SR(A). AMADOR MERINO,julio-cesar91@yahoo.com,1-203-207-4276,CÉDULA,6762162213,RETAIL,Guayas,Guayaquil,2024-07-29,309,202602,2026-02-21,2026-02-21 19:17:59.877054
1322,CUS-00323,CARMEN RAÚL FLÓREZ,dgriego@gmail.com,07075877712,CÉDULA,7004405048,CORPORATIVO,Manabí,Guayaquil,2024-04-06,413,202602,2026-02-21,2026-02-21 19:17:59.877054
1323,CUS-00324,PERLA FRANCO VILLA,puentecamilo@yahoo.com,05134228499,CÉDULA,4570182541,WEALTH,Pichincha,Manta,2022-07-29,375,202602,2026-02-21,2026-02-21 19:17:59.877054
1324,CUS-00325,EUGENIA ISAAC CORDERO,maresyeni@hotmail.com,1-908-926-1371,PASAPORTE,P63035666,CORPORATIVO,Manabí,Manta,2025-07-08,975,202602,2026-02-21,2026-02-21 19:17:59.877054
1325,CUS-00326,SR(A). GERÓNIMO COLUNGA,carlaalcala@hotmail.com,1-041-659-1520,CÉDULA,2573719887,PYME,Guayas,Manta,2022-06-30,801,202602,2026-02-21,2026-02-21 19:17:59.877054
1326,CUS-00327,PAOLA FIDEL DELGADO,adalbertodavila@yahoo.com,07774905097,CÉDULA,9901594841,CORPORATIVO,Manabí,Manta,2023-08-21,384,202602,2026-02-21,2026-02-21 19:17:59.877054
1327,CUS-00328,VIRGINIA ALVAREZ CEJA,octavio84@gmail.com,1-923-045-0189,CÉDULA,9380062918,RETAIL,Pichincha,Cuenca,2022-12-26,348,202602,2026-02-21,2026-02-21 19:17:59.877054
1328,CUS-00329,JORGE GRANADOS VILLALOBOS,carmen41@gmail.com,164-236-1032x664,CÉDULA,2179559665,CORPORATIVO,Loja,Quito,2022-06-19,794,202602,2026-02-21,2026-02-21 19:17:59.877054
1329,CUS-00330,ADRIANA DELIA JAIMES ÁVILA,luis-miguel48@gmail.com,214-764-9251x58377,CÉDULA,3853232141,RETAIL,Guayas,Manta,2025-09-04,988,202602,2026-02-21,2026-02-21 19:17:59.877054
1330,CUS-00331,LUCÍA OLIVIA CARRERA,reynaldo17@yahoo.com,749-961-6592x661,CÉDULA,5259805831,PYME,Manabí,Cuenca,2025-02-18,686,202602,2026-02-21,2026-02-21 19:17:59.877054
1331,CUS-00332,MARTÍN RANGEL NÁJERA,anabel79@gmail.com,+85(7)3278814761,CÉDULA,3029894524,RETAIL,Guayas,Quito,2025-01-31,688,202602,2026-02-21,2026-02-21 19:17:59.877054
1332,CUS-00333,ING. BIANCA RAZO,cristina41@hotmail.com,422.438.6490x810,CÉDULA,7531800360,CORPORATIVO,Loja,Manta,2025-06-13,517,202602,2026-02-21,2026-02-21 19:17:59.877054
1333,CUS-00334,DR. SESSA ARMAS,gilnancy@gmail.com,186-617-9454x9180,CÉDULA,8320938955,WEALTH,Manabí,Quito,2026-01-11,645,202602,2026-02-21,2026-02-21 19:17:59.877054
1334,CUS-00335,MTRO. MARÍA JOSÉ ANGULO,alcalafelipe@gmail.com,07226016459,CÉDULA,0915123483,PYME,Manabí,Manta,2025-01-11,529,202602,2026-02-21,2026-02-21 19:17:59.877054
1335,CUS-00336,MAURO PADILLA POLANCO,ynarvaez@gmail.com,779.452.3219x41680,CÉDULA,8927088913,CORPORATIVO,Guayas,Cuenca,2021-11-14,554,202602,2026-02-21,2026-02-21 19:17:59.877054
1336,CUS-00337,MITZY QUIROZ BENAVIDES,alejandrouribe@hotmail.com,+61(0)2776974995,RUC,7604630841001,PYME,Guayas,Guayaquil,2021-11-16,535,202602,2026-02-21,2026-02-21 19:17:59.877054
1337,CUS-00338,INÉS ZÚÑIGA CORDERO,ugarrido@gmail.com,1-641-220-3103x03723,CÉDULA,7129016915,PYME,Pichincha,Guayaquil,2023-05-17,325,202602,2026-02-21,2026-02-21 19:17:59.877054
1338,CUS-00339,CARMEN LAUREANO VIGIL,rmaya@gmail.com,(831)472-7601x227,CÉDULA,2372950677,CORPORATIVO,Loja,Quito,2025-02-14,883,202602,2026-02-21,2026-02-21 19:17:59.877054
1339,CUS-00340,MTRO. JUANA ZAMBRANO,carla80@gmail.com,707.933.4960x501,CÉDULA,2908586005,CORPORATIVO,Pichincha,Cuenca,2026-01-08,560,202602,2026-02-21,2026-02-21 19:17:59.877054
1340,CUS-00341,MTRO. MARÍA ELENA SANTIAGO,noemiarredondo@yahoo.com,667-998-4076x78997,CÉDULA,4817419597,WEALTH,Manabí,Guayaquil,2025-03-19,570,202602,2026-02-21,2026-02-21 19:17:59.877054
1341,CUS-00342,LIC. BERTA CARRERO,riveroguillermina@yahoo.com,080.695.8146,CÉDULA,3141159835,PYME,Guayas,Manta,2021-09-14,422,202602,2026-02-21,2026-02-21 19:17:59.877054
1342,CUS-00343,DR. LUIS MANUEL RAZO,asuncion87@gmail.com,179.576.0243x757,CÉDULA,6573062518,PYME,Manabí,Guayaquil,2023-04-11,955,202602,2026-02-21,2026-02-21 19:17:59.877054
1343,CUS-00344,LILIANA IVONNE RENDÓN,elvira49@yahoo.com,839.597.2466,CÉDULA,0554409416,CORPORATIVO,Manabí,Quito,2024-10-09,556,202602,2026-02-21,2026-02-21 19:17:59.877054
1344,CUS-00345,LINDA CADENA,marisolnegrete@hotmail.com,(572)934-1722x32971,CÉDULA,2322340379,RETAIL,Azuay,Quito,2021-11-11,955,202602,2026-02-21,2026-02-21 19:17:59.877054
1345,CUS-00346,LUIS HUMBERTO HERRERA NORIEGA,uestevez@hotmail.com,(743)380-0545x228,CÉDULA,6849378664,CORPORATIVO,Azuay,Cuenca,2022-10-03,720,202602,2026-02-21,2026-02-21 19:17:59.877054
1346,CUS-00347,MARIO ÁNGEL BUSTOS,cornelioaguayo@yahoo.com,+15(6)1931837455,CÉDULA,3909960048,PYME,Manabí,Quito,2021-10-11,558,202602,2026-02-21,2026-02-21 19:17:59.877054
1347,CUS-00348,AURELIO PRECIADO CALDERA,gonzalespatricia@yahoo.com,+84(2)8910771199,CÉDULA,5226585496,CORPORATIVO,Guayas,Guayaquil,2024-12-23,346,202602,2026-02-21,2026-02-21 19:17:59.877054
1348,CUS-00349,CATALINA PILAR BALDERAS VILLA,mezaabel@hotmail.com,08081213524,CÉDULA,0628584636,WEALTH,Manabí,Guayaquil,2022-11-26,824,202602,2026-02-21,2026-02-21 19:17:59.877054
1349,CUS-00350,ING. ISAAC CASILLAS,gmaldonado@gmail.com,1-787-125-5213x76037,CÉDULA,0674145155,RETAIL,Azuay,Guayaquil,2023-08-11,507,202602,2026-02-21,2026-02-21 19:17:59.877054
1350,CUS-00351,JOAQUÍN PIÑA,lourdessalazar@gmail.com,1-482-145-6532,CÉDULA,0092992318,CORPORATIVO,Guayas,Guayaquil,2023-07-19,610,202602,2026-02-21,2026-02-21 19:17:59.877054
1351,CUS-00352,GRACIELA ZAPATA MARRERO,gilbertocaban@gmail.com,632-666-7850x7208,RUC,9665257780001,WEALTH,Manabí,Cuenca,2026-01-02,448,202602,2026-02-21,2026-02-21 19:17:59.877054
1352,CUS-00353,BERNARDO REYNALDO SARABIA GALINDO,nicolaspaz@hotmail.com,01556260602,CÉDULA,0229790112,PYME,Loja,Manta,2024-02-24,737,202602,2026-02-21,2026-02-21 19:17:59.877054
1353,CUS-00354,VÍCTOR MAURICIO GARRIDO,maria-jose19@gmail.com,1-084-668-4550x4892,CÉDULA,5010467906,CORPORATIVO,Loja,Manta,2024-04-28,454,202602,2026-02-21,2026-02-21 19:17:59.877054
1354,CUS-00355,JERÓNIMO VALADEZ NAZARIO,teodoroorta@gmail.com,1-673-899-7563x41085,CÉDULA,4902690640,PYME,Manabí,Cuenca,2021-10-30,977,202602,2026-02-21,2026-02-21 19:17:59.877054
1355,CUS-00356,GERMÁN VELA GASTÉLUM,pugawilfrido@gmail.com,288-431-8848x520,CÉDULA,0082498587,WEALTH,Guayas,Quito,2025-11-10,389,202602,2026-02-21,2026-02-21 19:17:59.877054
1356,CUS-00357,RAMIRO VALDÉS,guillermoibarra@yahoo.com,+89(4)3468105485,CÉDULA,7085822586,PYME,Manabí,Manta,2025-09-30,997,202602,2026-02-21,2026-02-21 19:17:59.877054
1357,CUS-00358,SANDRA JARAMILLO ANAYA,umena@yahoo.com,00174907539,CÉDULA,2218248712,WEALTH,Manabí,Quito,2023-01-21,657,202602,2026-02-21,2026-02-21 19:17:59.877054
1358,CUS-00359,GEORGINA HORACIO MOJICA,eugenia13@gmail.com,1-893-544-9268x3158,RUC,1755873380001,WEALTH,Azuay,Manta,2023-11-20,473,202602,2026-02-21,2026-02-21 19:17:59.877054
1359,CUS-00360,ABRAHAM DOLORES COLLAZO VALLES,cortesbernabe@gmail.com,1-357-126-6110x6273,CÉDULA,1153922257,WEALTH,Loja,Quito,2023-11-01,516,202602,2026-02-21,2026-02-21 19:17:59.877054
1360,CUS-00361,ÁNGELA COLLADO,urobledo@yahoo.com,1-158-698-8649x767,CÉDULA,6339108178,CORPORATIVO,Azuay,Cuenca,2023-08-08,755,202602,2026-02-21,2026-02-21 19:17:59.877054
1361,CUS-00362,AURORA TAMEZ GALVÁN,tellojorge@gmail.com,1-762-282-7728x81377,CÉDULA,3789946930,PYME,Azuay,Guayaquil,2023-10-27,908,202602,2026-02-21,2026-02-21 19:17:59.877054
1362,CUS-00363,LOURDES RENDÓN,dmanzanares@yahoo.com,+28(5)1961159408,CÉDULA,2426859062,PYME,Manabí,Quito,2022-04-16,928,202602,2026-02-21,2026-02-21 19:17:59.877054
1363,CUS-00364,CRISTINA JOSÉ EDUARDO MARRERO MELÉNDEZ,bustamantecristina@hotmail.com,154-544-7022,CÉDULA,4939445995,RETAIL,Azuay,Guayaquil,2021-07-22,498,202602,2026-02-21,2026-02-21 19:17:59.877054
1364,CUS-00365,ING. ARTURO ÁVILA,salvador03@yahoo.com,1-604-432-7018x5106,RUC,7787190911001,RETAIL,Loja,Quito,2024-09-18,785,202602,2026-02-21,2026-02-21 19:17:59.877054
1365,CUS-00366,CRISTINA SERAFÍN ARROYO,auroraguzman@yahoo.com,949.756.7922x877,CÉDULA,2961058252,RETAIL,Azuay,Quito,2023-10-10,832,202602,2026-02-21,2026-02-21 19:17:59.877054
1366,CUS-00367,GEORGINA QUINTERO PINEDA,dserna@hotmail.com,(725)199-6636x58074,PASAPORTE,P04936596,RETAIL,Loja,Quito,2025-01-08,499,202602,2026-02-21,2026-02-21 19:17:59.877054
1367,CUS-00368,SAMUEL QUINTANILLA,francisca20@yahoo.com,120-948-1813x98909,RUC,4366573943001,PYME,Azuay,Quito,2025-03-13,670,202602,2026-02-21,2026-02-21 19:17:59.877054
1368,CUS-00369,GEORGINA GALVÁN,vvaladez@hotmail.com,378-018-2043x3971,CÉDULA,0704554247,WEALTH,Loja,Quito,2022-03-27,747,202602,2026-02-21,2026-02-21 19:17:59.877054
1369,CUS-00370,SR(A). JAIME POSADA,barbararios@gmail.com,(956)907-0562x6085,CÉDULA,1587776751,WEALTH,Azuay,Guayaquil,2021-07-29,547,202602,2026-02-21,2026-02-21 19:17:59.877054
1370,CUS-00371,GLORIA VILLASEÑOR RUIZ,carlosalcala@gmail.com,411-182-4224x124,CÉDULA,1705539220,CORPORATIVO,Azuay,Quito,2022-12-12,563,202602,2026-02-21,2026-02-21 19:17:59.877054
1371,CUS-00372,MTRO. AMALIA GARAY,catalinafajardo@yahoo.com,(209)520-0461x526,CÉDULA,2342542557,WEALTH,Guayas,Guayaquil,2022-02-26,357,202602,2026-02-21,2026-02-21 19:17:59.877054
1372,CUS-00373,RUFINO BACA,sonia19@hotmail.com,1-461-033-9937,CÉDULA,1036922449,PYME,Loja,Cuenca,2025-05-24,601,202602,2026-02-21,2026-02-21 19:17:59.877054
1373,CUS-00374,EMILIA MADERA GALARZA,antonio01@gmail.com,861-405-7861x7063,CÉDULA,2832198326,PYME,Loja,Manta,2022-12-14,330,202602,2026-02-21,2026-02-21 19:17:59.877054
1374,CUS-00375,FLORENCIA GREGORIO MENCHACA,fcazares@yahoo.com,+48(9)1382496718,CÉDULA,7164424135,PYME,Loja,Quito,2023-07-05,797,202602,2026-02-21,2026-02-21 19:17:59.877054
1375,CUS-00376,ABRAHAM SALINAS POSADA,ariasmaria-teresa@gmail.com,1-258-238-6870,CÉDULA,0935816517,CORPORATIVO,Pichincha,Manta,2021-10-22,548,202602,2026-02-21,2026-02-21 19:17:59.877054
1376,CUS-00377,CATALINA JUAN TEJADA,renatoprieto@hotmail.com,+79(4)2007494653,RUC,6446888595001,RETAIL,Azuay,Guayaquil,2021-09-09,904,202602,2026-02-21,2026-02-21 19:17:59.877054
1377,CUS-00378,MÓNICA RAFAÉL MORENO,bsalgado@yahoo.com,1-840-289-1416x1284,CÉDULA,2063075510,WEALTH,Loja,Cuenca,2025-09-12,570,202602,2026-02-21,2026-02-21 19:17:59.877054
1378,CUS-00379,LEONEL ARIAS PULIDO,wde-leon@gmail.com,(398)554-7435x537,RUC,1310675352001,PYME,Pichincha,Cuenca,2022-12-11,905,202602,2026-02-21,2026-02-21 19:17:59.877054
1379,CUS-00380,MARÍA LUISA BERNAL MARROQUÍN,gerardolemus@yahoo.com,502.097.0026x8768,CÉDULA,7914051359,PYME,Guayas,Cuenca,2025-05-21,965,202602,2026-02-21,2026-02-21 19:17:59.877054
1380,CUS-00381,LIC. RENATO PALACIOS,aldoguillen@hotmail.com,01807156956,CÉDULA,7753779033,RETAIL,Loja,Manta,2025-01-12,693,202602,2026-02-21,2026-02-21 19:17:59.877054
1381,CUS-00382,GREGORIO CARRERO,modesto68@yahoo.com,(017)537-0304,CÉDULA,6674678223,PYME,Loja,Guayaquil,2021-11-01,801,202602,2026-02-21,2026-02-21 19:17:59.877054
1382,CUS-00383,ALEJANDRA MELÉNDEZ,britogilberto@yahoo.com,(531)943-3750x47930,CÉDULA,4906874364,WEALTH,Pichincha,Quito,2023-06-11,891,202602,2026-02-21,2026-02-21 19:17:59.877054
1383,CUS-00384,SERAFÍN MARÍA LUISA NÁJERA,lourdesfeliciano@hotmail.com,1-614-987-2839,RUC,6009211691001,CORPORATIVO,Azuay,Quito,2025-04-26,383,202602,2026-02-21,2026-02-21 19:17:59.877054
1384,CUS-00385,MARCO ANTONIO CARABALLO GUERRERO,soniatorrez@gmail.com,(992)192-1249x38430,CÉDULA,3157934324,PYME,Guayas,Guayaquil,2023-11-24,664,202602,2026-02-21,2026-02-21 19:17:59.877054
1385,CUS-00386,ROLANDO PACHECO,emunoz@hotmail.com,1-894-870-6056x64187,RUC,8777767779001,WEALTH,Loja,Manta,2025-10-18,848,202602,2026-02-21,2026-02-21 19:17:59.877054
1386,CUS-00387,SR(A). LEONARDO MARÍN,kmontanez@hotmail.com,580.304.6875x063,CÉDULA,6033495315,PYME,Azuay,Quito,2023-03-31,641,202602,2026-02-21,2026-02-21 19:17:59.877054
1387,CUS-00388,ESTELA ISABELA DE LA GARZA BERMÚDEZ,julia42@gmail.com,1-190-361-3325,CÉDULA,7765164597,RETAIL,Guayas,Guayaquil,2022-03-12,706,202602,2026-02-21,2026-02-21 19:17:59.877054
1388,CUS-00389,SR(A). OLGA SEGOVIA,ruben30@yahoo.com,(110)760-9543,CÉDULA,7260069869,PYME,Manabí,Quito,2022-04-06,724,202602,2026-02-21,2026-02-21 19:17:59.877054
1389,CUS-00390,JAQUELINE JERÓNIMO CORDERO,rodriquezolga@yahoo.com,07350583199,RUC,4718581270001,PYME,Manabí,Cuenca,2024-11-15,392,202602,2026-02-21,2026-02-21 19:17:59.877054
1390,CUS-00391,BENJAMÍN CLEMENTE HIDALGO,cristobalcamarillo@gmail.com,1-179-110-0651x207,PASAPORTE,P96608739,CORPORATIVO,Guayas,Quito,2021-09-22,913,202602,2026-02-21,2026-02-21 19:17:59.877054
1391,CUS-00392,DÉBORA SALVADOR CORRAL,gabrielatejeda@hotmail.com,+49(6)1108046619,CÉDULA,4185268216,RETAIL,Pichincha,Manta,2024-08-14,711,202602,2026-02-21,2026-02-21 19:17:59.877054
1392,CUS-00393,DIANA SALCIDO RIVERA,gaonarene@yahoo.com,(399)076-7699x150,CÉDULA,6387004528,RETAIL,Guayas,Guayaquil,2021-11-08,731,202602,2026-02-21,2026-02-21 19:17:59.877054
1393,CUS-00394,ING. MARISOL VALLEJO,debora23@hotmail.com,1-859-311-0919x392,CÉDULA,9536785574,CORPORATIVO,Guayas,Manta,2024-10-21,977,202602,2026-02-21,2026-02-21 19:17:59.877054
1394,CUS-00395,MTRO. SOLEDAD MATA,jorge90@hotmail.com,845-679-7232x00249,CÉDULA,2251557678,PYME,Pichincha,Guayaquil,2024-08-14,458,202602,2026-02-21,2026-02-21 19:17:59.877054
1395,CUS-00396,MARCOS ÁNGEL RODARTE,raquel92@hotmail.com,(854)982-2749x545,RUC,5292043884001,WEALTH,Pichincha,Cuenca,2023-04-06,313,202602,2026-02-21,2026-02-21 19:17:59.877054
1396,CUS-00397,SUSANA MADRIGAL,migueltorres@yahoo.com,+89(2)0388065333,RUC,9365391033001,RETAIL,Azuay,Guayaquil,2021-05-29,672,202602,2026-02-21,2026-02-21 19:17:59.877054
1397,CUS-00398,ROSA ANABEL MORA SARABIA,mitzyarchuleta@gmail.com,05377959959,CÉDULA,0530007971,RETAIL,Azuay,Quito,2021-09-01,524,202602,2026-02-21,2026-02-21 19:17:59.877054
1398,CUS-00399,HORACIO RIOJAS RAZO,gonzalessalvador@gmail.com,(652)170-7303,CÉDULA,6779640861,PYME,Pichincha,Quito,2024-01-18,804,202602,2026-02-21,2026-02-21 19:17:59.877054
1399,CUS-00400,ANA LUISA NEGRETE LLAMAS,sotomateo@gmail.com,1-379-337-5636x20501,CÉDULA,5106114460,PYME,Manabí,Cuenca,2023-07-11,372,202602,2026-02-21,2026-02-21 19:17:59.877054
1400,CUS-00401,VERÓNICA BUSTAMANTE VILLEGAS,sessa32@yahoo.com,081.247.3950,CÉDULA,7238394630,RETAIL,Manabí,Guayaquil,2024-02-10,548,202602,2026-02-21,2026-02-21 19:17:59.877054
1401,CUS-00402,LIC. MARÍA TERESA VERA,irenebahena@gmail.com,+33(4)2342583230,RUC,8385021808001,PYME,Guayas,Cuenca,2021-12-05,810,202602,2026-02-21,2026-02-21 19:17:59.877054
1402,CUS-00403,SR(A). MARÍA DEL CARMEN VÁZQUEZ,rodrigocollado@gmail.com,(410)261-5347,CÉDULA,8770792600,WEALTH,Loja,Quito,2021-11-15,902,202602,2026-02-21,2026-02-21 19:17:59.877054
1403,CUS-00404,INÉS SALMA ROLÓN,antonia56@hotmail.com,552.896.1122,RUC,9447675515001,RETAIL,Guayas,Manta,2021-11-05,515,202602,2026-02-21,2026-02-21 19:17:59.877054
1404,CUS-00405,DR. ANEL RAYA,miramonteshermelinda@yahoo.com,1-386-559-6309,CÉDULA,4257802270,WEALTH,Guayas,Cuenca,2022-05-13,901,202602,2026-02-21,2026-02-21 19:17:59.877054
1405,CUS-00406,JACOBO BRAVO SANTANA,cristinaquesada@hotmail.com,1-384-253-0428x9731,RUC,4217260527001,WEALTH,Loja,Manta,2021-03-14,840,202602,2026-02-21,2026-02-21 19:17:59.877054
1406,CUS-00407,ALFREDO FERNANDO QUEZADA,lmateo@hotmail.com,912.868.5787x255,CÉDULA,5156423359,PYME,Pichincha,Manta,2025-04-18,519,202602,2026-02-21,2026-02-21 19:17:59.877054
1407,CUS-00408,OFELIA SOLORZANO,esparta92@yahoo.com,777-496-9033x3736,CÉDULA,0393908362,WEALTH,Manabí,Guayaquil,2023-03-22,520,202602,2026-02-21,2026-02-21 19:17:59.877054
1408,CUS-00409,DR. JOSÉ NIEVES,guadalupe22@hotmail.com,1-466-925-4812,RUC,9277091707001,PYME,Guayas,Cuenca,2024-12-19,688,202602,2026-02-21,2026-02-21 19:17:59.877054
1409,CUS-00410,JULIA LUCAS MIRELES ZAMORA,vegajulio-cesar@hotmail.com,04785390789,CÉDULA,7135877681,CORPORATIVO,Loja,Manta,2023-06-28,853,202602,2026-02-21,2026-02-21 19:17:59.877054
1410,CUS-00411,SUSANA MESA BARRAZA,echeverriasalvador@yahoo.com,1-677-665-7546,CÉDULA,2975989379,PYME,Azuay,Manta,2021-11-02,946,202602,2026-02-21,2026-02-21 19:17:59.877054
1411,CUS-00412,BARBARA PORFIRIO OLVERA LIMÓN,timoteovalles@gmail.com,+27(3)4151488814,PASAPORTE,P22742902,WEALTH,Guayas,Guayaquil,2023-10-11,341,202602,2026-02-21,2026-02-21 19:17:59.877054
1412,CUS-00413,VÍCTOR SALVADOR CORNEJO MERINO,vcisneros@hotmail.com,111.508.3535,PASAPORTE,P84916136,CORPORATIVO,Manabí,Guayaquil,2025-11-19,975,202602,2026-02-21,2026-02-21 19:17:59.877054
1413,CUS-00414,RODOLFO CISNEROS MONTEZ,granadosjavier@yahoo.com,443-928-4044,CÉDULA,3660581294,PYME,Pichincha,Quito,2023-06-29,582,202602,2026-02-21,2026-02-21 19:17:59.877054
1414,CUS-00415,VANESA WILFRIDO OROSCO CEBALLOS,teresabueno@hotmail.com,669.078.2633,CÉDULA,8303540359,WEALTH,Guayas,Manta,2024-10-02,357,202602,2026-02-21,2026-02-21 19:17:59.877054
1415,CUS-00416,SR(A). HORACIO VALDIVIA,marisela04@gmail.com,373.898.7751x53663,CÉDULA,9384789450,RETAIL,Guayas,Quito,2023-05-12,836,202602,2026-02-21,2026-02-21 19:17:59.877054
1416,CUS-00417,TRINIDAD MÉNDEZ,angelmontez@yahoo.com,1-780-529-2407x553,CÉDULA,6314257627,RETAIL,Loja,Manta,2024-05-13,372,202602,2026-02-21,2026-02-21 19:17:59.877054
1417,CUS-00418,YURIDIA OLIVIA CABÁN,abreuamanda@yahoo.com,(668)459-0902x259,CÉDULA,1983076494,PYME,Azuay,Quito,2021-03-16,428,202602,2026-02-21,2026-02-21 19:17:59.877054
1418,CUS-00419,NANCY NÁJERA,kperea@yahoo.com,999-663-6186x37159,CÉDULA,6475481072,PYME,Azuay,Guayaquil,2021-09-11,898,202602,2026-02-21,2026-02-21 19:17:59.877054
1419,CUS-00420,JOS MARES DUEÑAS,wochoa@hotmail.com,1-412-182-0970x231,CÉDULA,6975986947,RETAIL,Pichincha,Cuenca,2021-06-09,725,202602,2026-02-21,2026-02-21 19:17:59.877054
1420,CUS-00421,JACINTO MERCEDES ESPINOSA,ecampos@hotmail.com,433-481-7058x025,CÉDULA,1638065740,WEALTH,Manabí,Guayaquil,2024-05-08,964,202602,2026-02-21,2026-02-21 19:17:59.877054
1421,CUS-00422,CITLALI CRISTAL BERNAL,daliarazo@gmail.com,(621)286-7163x234,CÉDULA,0895940552,WEALTH,Pichincha,Quito,2024-02-28,993,202602,2026-02-21,2026-02-21 19:17:59.877054
1422,CUS-00423,BENITO NATIVIDAD TIRADO SOTO,lozanoalejandra@yahoo.com,(729)949-3874x302,CÉDULA,7005905052,WEALTH,Guayas,Quito,2022-01-03,424,202602,2026-02-21,2026-02-21 19:17:59.877054
1423,CUS-00424,VIRGINIA MIRAMONTES CEJA,bernardo15@gmail.com,1-169-385-9777x901,CÉDULA,7504725459,PYME,Guayas,Cuenca,2021-12-09,366,202602,2026-02-21,2026-02-21 19:17:59.877054
1424,CUS-00425,LIC. CRISTIAN CURIEL,ucruz@gmail.com,(754)692-6329,CÉDULA,0681949355,CORPORATIVO,Azuay,Manta,2023-02-14,305,202602,2026-02-21,2026-02-21 19:17:59.877054
1425,CUS-00426,SOFÍA DANIEL QUEZADA,mirelesrosario@hotmail.com,676.291.6032x48413,CÉDULA,1130866220,CORPORATIVO,Manabí,Quito,2023-04-04,936,202602,2026-02-21,2026-02-21 19:17:59.877054
1426,CUS-00427,LILIA NAVA GRANADOS,bangulo@hotmail.com,681.511.8567x243,CÉDULA,2233297706,CORPORATIVO,Loja,Quito,2025-11-18,613,202602,2026-02-21,2026-02-21 19:17:59.877054
1427,CUS-00428,SANTIAGO LINARES,samuelpuente@gmail.com,070-176-5636x0041,RUC,1023594373001,CORPORATIVO,Manabí,Quito,2023-05-30,625,202602,2026-02-21,2026-02-21 19:17:59.877054
1428,CUS-00429,EUGENIA TEJEDA,camposisabel@gmail.com,1-257-771-1837x27422,CÉDULA,9125778617,CORPORATIVO,Guayas,Cuenca,2024-09-11,864,202602,2026-02-21,2026-02-21 19:17:59.877054
1429,CUS-00430,HORACIO MARIANO ESQUIBEL,lucasurrutia@hotmail.com,+91(2)4186210427,CÉDULA,6726982951,PYME,Loja,Guayaquil,2022-06-06,877,202602,2026-02-21,2026-02-21 19:17:59.877054
1430,CUS-00431,REINA MARCOS RIOJAS LERMA,virginia44@gmail.com,230.837.0816,CÉDULA,1446164579,PYME,Manabí,Quito,2024-01-01,805,202602,2026-02-21,2026-02-21 19:17:59.877054
1431,CUS-00432,NADIA SUÁREZ,arroyolaura@hotmail.com,1-470-900-6335x33106,CÉDULA,3659179849,CORPORATIVO,Manabí,Cuenca,2022-09-02,381,202602,2026-02-21,2026-02-21 19:17:59.877054
1432,CUS-00433,CYNTHIA FELICIANO,dcorrales@yahoo.com,+05(3)1312206815,CÉDULA,3572903308,PYME,Loja,Quito,2022-04-11,898,202602,2026-02-21,2026-02-21 19:17:59.877054
1433,CUS-00434,DR. FIDEL ÁVILA,ponceasuncion@yahoo.com,1-839-386-6133,CÉDULA,2457525035,PYME,Guayas,Manta,2025-10-18,301,202602,2026-02-21,2026-02-21 19:17:59.877054
1434,CUS-00435,JOSÉ EMILIO URRUTIA,gfeliciano@gmail.com,05520650637,CÉDULA,6928601088,CORPORATIVO,Manabí,Cuenca,2022-07-01,503,202602,2026-02-21,2026-02-21 19:17:59.877054
1435,CUS-00436,NOEMÍ CASTELLANOS LINARES,davidlovato@gmail.com,149.501.3649,CÉDULA,6924368178,WEALTH,Loja,Quito,2021-08-06,961,202602,2026-02-21,2026-02-21 19:17:59.877054
1436,CUS-00437,CYNTHIA LABOY RASCÓN,tcarrillo@yahoo.com,189.241.9562x525,CÉDULA,9989688231,PYME,Guayas,Cuenca,2023-01-10,703,202602,2026-02-21,2026-02-21 19:17:59.877054
1437,CUS-00438,DR. MARCO ANTONIO BUSTOS,qsaenz@yahoo.com,(715)099-7683x89030,RUC,9244566018001,WEALTH,Loja,Quito,2025-11-23,402,202602,2026-02-21,2026-02-21 19:17:59.877054
1438,CUS-00439,MARÍA DEL CARMEN JAQUELINE AMADOR,tovarjulia@gmail.com,143.639.1025x7432,CÉDULA,9150212495,PYME,Loja,Guayaquil,2024-11-08,835,202602,2026-02-21,2026-02-21 19:17:59.877054
1439,CUS-00440,ANA ORTIZ,juana52@yahoo.com,303-975-2450x864,CÉDULA,8936519766,PYME,Manabí,Quito,2023-02-21,667,202602,2026-02-21,2026-02-21 19:17:59.877054
1440,CUS-00441,MTRO. EUGENIO OLVERA,irizarrymarcos@yahoo.com,+35(5)3380339685,CÉDULA,7007347493,CORPORATIVO,Guayas,Cuenca,2021-06-02,511,202602,2026-02-21,2026-02-21 19:17:59.877054
1441,CUS-00442,JOSÉ LUIS GARRIDO AMAYA,espartaco49@gmail.com,(701)713-0232,PASAPORTE,P54696342,PYME,Manabí,Manta,2023-02-06,876,202602,2026-02-21,2026-02-21 19:17:59.877054
1442,CUS-00443,BERTA VIOLETA MEZA CONCEPCIÓN,yenicalderon@gmail.com,02983381674,CÉDULA,3329446338,RETAIL,Pichincha,Manta,2025-04-02,508,202602,2026-02-21,2026-02-21 19:17:59.877054
1443,CUS-00444,ALFONSO GONZALO RODRÍQUEZ,patricia69@gmail.com,(336)293-4497,CÉDULA,5315145326,RETAIL,Pichincha,Manta,2026-01-08,416,202602,2026-02-21,2026-02-21 19:17:59.877054
1444,CUS-00445,MARIANO MARISOL ADAME,ontiverosoctavio@yahoo.com,347-156-6277x68962,RUC,1535333862001,CORPORATIVO,Guayas,Quito,2024-03-01,927,202602,2026-02-21,2026-02-21 19:17:59.877054
1445,CUS-00446,AIDA HIDALGO GALVÁN,pvega@yahoo.com,066.149.8282x467,RUC,2553838311001,WEALTH,Loja,Guayaquil,2021-07-11,777,202602,2026-02-21,2026-02-21 19:17:59.877054
1446,CUS-00447,PASCUAL SANDRA SUÁREZ,arcelia60@hotmail.com,(746)897-1527,PASAPORTE,P43645931,WEALTH,Manabí,Quito,2024-08-08,404,202602,2026-02-21,2026-02-21 19:17:59.877054
1447,CUS-00448,BLANCA LOMELI,carlarangel@gmail.com,1-230-085-7666,CÉDULA,9896329284,WEALTH,Manabí,Manta,2023-07-12,794,202602,2026-02-21,2026-02-21 19:17:59.877054
1448,CUS-00449,HERMELINDA CARLOS ARREOLA,ericespinoza@gmail.com,567.491.6016x92364,CÉDULA,2413911706,RETAIL,Guayas,Cuenca,2024-05-27,345,202602,2026-02-21,2026-02-21 19:17:59.877054
1449,CUS-00450,LOURDES TIMOTEO REYNA,pinaarcelia@hotmail.com,587.506.6337x05024,CÉDULA,4706436910,WEALTH,Guayas,Manta,2023-03-02,630,202602,2026-02-21,2026-02-21 19:17:59.877054
1450,CUS-00451,BLANCA SANABRIA ZAMBRANO,oferrer@gmail.com,724.399.2011x6691,CÉDULA,0049619732,WEALTH,Pichincha,Cuenca,2023-01-16,515,202602,2026-02-21,2026-02-21 19:17:59.877054
1451,CUS-00452,SR(A). SUSANA SERRATO,indira11@yahoo.com,362-644-8869x4611,CÉDULA,9712290510,CORPORATIVO,Azuay,Guayaquil,2021-05-30,791,202602,2026-02-21,2026-02-21 19:17:59.877054
1452,CUS-00453,DR. CLAUDIO LOVATO,uurias@yahoo.com,952-436-4027x01168,CÉDULA,1535899707,WEALTH,Guayas,Cuenca,2022-12-30,748,202602,2026-02-21,2026-02-21 19:17:59.877054
1453,CUS-00454,ABEL MORALES,yalcala@hotmail.com,(462)252-2372x817,RUC,8594558318001,RETAIL,Azuay,Quito,2023-04-06,835,202602,2026-02-21,2026-02-21 19:17:59.877054
1454,CUS-00455,REINA LORENA ESCOBAR,acarreon@gmail.com,1-323-023-4679x1214,CÉDULA,1981789898,RETAIL,Guayas,Quito,2022-06-28,810,202602,2026-02-21,2026-02-21 19:17:59.877054
1455,CUS-00456,OFELIA MURO BARRETO,raquelvillalobos@hotmail.com,06141509377,CÉDULA,1361023751,RETAIL,Loja,Quito,2021-08-29,757,202602,2026-02-21,2026-02-21 19:17:59.877054
1456,CUS-00457,ING. NATIVIDAD SARABIA,caraballoramon@gmail.com,(100)409-0138x06984,CÉDULA,8143674941,CORPORATIVO,Loja,Cuenca,2022-12-14,846,202602,2026-02-21,2026-02-21 19:17:59.877054
1457,CUS-00458,SR(A). JULIO RODRÍGEZ,omar56@yahoo.com,759.655.5535x669,CÉDULA,7195753353,CORPORATIVO,Pichincha,Quito,2025-01-12,835,202602,2026-02-21,2026-02-21 19:17:59.877054
1458,CUS-00459,TERESA ONTIVEROS NIÑO,kruelas@hotmail.com,+55(1)0762091843,CÉDULA,7803315264,PYME,Pichincha,Quito,2022-10-25,839,202602,2026-02-21,2026-02-21 19:17:59.877054
1459,CUS-00460,ADRIANA JONÁS BARRETO MONTAÑO,larchuleta@yahoo.com,797.863.0505,CÉDULA,3472650660,WEALTH,Azuay,Quito,2022-05-03,783,202602,2026-02-21,2026-02-21 19:17:59.877054
1460,CUS-00461,VÍCTOR SOLEDAD CANO,ncolon@hotmail.com,+57(3)9769156716,CÉDULA,8514367042,CORPORATIVO,Guayas,Guayaquil,2021-12-14,315,202602,2026-02-21,2026-02-21 19:17:59.877054
1461,CUS-00462,MTRO. CECILIA ARMENDÁRIZ,zarellano@yahoo.com,(932)898-0271,CÉDULA,0256732485,RETAIL,Manabí,Cuenca,2021-09-02,870,202602,2026-02-21,2026-02-21 19:17:59.877054
1462,CUS-00463,PATRICIO IVONNE DEL RÍO RIVERA,amadorroldan@yahoo.com,(872)717-8333,CÉDULA,8514876036,RETAIL,Pichincha,Cuenca,2022-03-14,542,202602,2026-02-21,2026-02-21 19:17:59.877054
1463,CUS-00464,SUSANA ECHEVERRÍA,alejandra54@yahoo.com,(116)025-6434,CÉDULA,6575923209,CORPORATIVO,Manabí,Manta,2021-03-12,506,202602,2026-02-21,2026-02-21 19:17:59.877054
1464,CUS-00465,ANDREA MARÍA JOSÉ ARCE,mitzy13@gmail.com,(712)871-5399x15668,PASAPORTE,P40013572,CORPORATIVO,Manabí,Cuenca,2025-09-08,570,202602,2026-02-21,2026-02-21 19:17:59.877054
1465,CUS-00466,ELOY ALVARO FELICIANO ARGUELLO,margarita54@hotmail.com,(334)141-1159x319,CÉDULA,0224338632,CORPORATIVO,Guayas,Guayaquil,2022-01-29,414,202602,2026-02-21,2026-02-21 19:17:59.877054
1466,CUS-00467,HORACIO NOELIA OTERO TÓRREZ,pzedillo@gmail.com,256.904.0983,CÉDULA,5258534527,PYME,Azuay,Cuenca,2022-02-23,879,202602,2026-02-21,2026-02-21 19:17:59.877054
1467,CUS-00468,FLAVIO ARCE,margaritagalarza@yahoo.com,655-289-9316x087,RUC,3799296837001,RETAIL,Guayas,Guayaquil,2025-10-14,598,202602,2026-02-21,2026-02-21 19:17:59.877054
1468,CUS-00469,GONZALO JONÁS ARREOLA,xsevilla@gmail.com,1-243-772-9420,CÉDULA,2626995125,PYME,Pichincha,Guayaquil,2022-05-05,782,202602,2026-02-21,2026-02-21 19:17:59.877054
1469,CUS-00470,GEORGINA CARLOTA NAZARIO QUESADA,andresmarquez@hotmail.com,548.149.7374x6052,PASAPORTE,P35090277,PYME,Manabí,Cuenca,2021-07-25,696,202602,2026-02-21,2026-02-21 19:17:59.877054
1470,CUS-00471,MARCOS OLVERA,xcervantez@hotmail.com,1-330-276-4208x65675,CÉDULA,3576638952,WEALTH,Guayas,Manta,2023-12-28,693,202602,2026-02-21,2026-02-21 19:17:59.877054
1471,CUS-00472,EDUARDO MIRIAM SALINAS NAZARIO,delgadilloelisa@gmail.com,618-443-8612x590,PASAPORTE,P44478855,RETAIL,Guayas,Quito,2021-05-12,374,202602,2026-02-21,2026-02-21 19:17:59.877054
1472,CUS-00473,MTRO. ARMANDO PINEDA,haroalonso@yahoo.com,1-472-927-7423x33059,CÉDULA,8353069586,RETAIL,Guayas,Quito,2026-01-27,781,202602,2026-02-21,2026-02-21 19:17:59.877054
1473,CUS-00474,LUIS MANUEL ZARATE DUEÑAS,muroelvia@yahoo.com,02662015720,RUC,6189852032001,CORPORATIVO,Pichincha,Cuenca,2023-07-23,402,202602,2026-02-21,2026-02-21 19:17:59.877054
1474,CUS-00475,MTRO. INÉS CANDELARIA,marisol86@hotmail.com,08596263013,CÉDULA,0237825945,CORPORATIVO,Azuay,Cuenca,2021-05-18,596,202602,2026-02-21,2026-02-21 19:17:59.877054
1475,CUS-00476,ITZEL LUCERO MALAVE,angulofabiola@yahoo.com,749-261-7647x501,PASAPORTE,P39568965,WEALTH,Guayas,Guayaquil,2021-08-09,477,202602,2026-02-21,2026-02-21 19:17:59.877054
1476,CUS-00477,SALVADOR POLANCO,cvillegas@gmail.com,01178309997,CÉDULA,0108998615,PYME,Pichincha,Cuenca,2022-09-06,514,202602,2026-02-21,2026-02-21 19:17:59.877054
1477,CUS-00478,MARÍA JERÓNIMO RAMÓN,jvilla@yahoo.com,192-676-4921,CÉDULA,3004130359,CORPORATIVO,Manabí,Guayaquil,2026-01-16,614,202602,2026-02-21,2026-02-21 19:17:59.877054
1478,CUS-00479,JESÚS PUGA LAUREANO,dalia41@yahoo.com,1-182-606-8887,PASAPORTE,P30618277,CORPORATIVO,Loja,Manta,2024-11-24,338,202602,2026-02-21,2026-02-21 19:17:59.877054
1479,CUS-00480,ANTONIO PALOMINO NARVÁEZ,olveraamador@gmail.com,08981312920,CÉDULA,2313812340,RETAIL,Pichincha,Cuenca,2025-12-07,558,202602,2026-02-21,2026-02-21 19:17:59.877054
1480,CUS-00481,DR. ALTA  GRACIA COLLAZO,estelagarza@hotmail.com,(751)029-3218x4011,CÉDULA,6968351319,RETAIL,Loja,Quito,2023-08-22,306,202602,2026-02-21,2026-02-21 19:17:59.877054
1481,CUS-00482,LIC. ALDO CASTRO,gabrielparra@hotmail.com,458-260-3408x4872,CÉDULA,4609969557,CORPORATIVO,Guayas,Quito,2022-09-17,348,202602,2026-02-21,2026-02-21 19:17:59.877054
1482,CUS-00483,EUGENIO NAVARRO NÁJERA,aguirremario@gmail.com,1-758-598-8310x3032,CÉDULA,7524148909,RETAIL,Guayas,Cuenca,2023-02-03,837,202602,2026-02-21,2026-02-21 19:17:59.877054
1483,CUS-00484,RAQUEL APODACA,rubyaguilera@gmail.com,(329)839-5429,CÉDULA,4568546041,WEALTH,Pichincha,Guayaquil,2022-12-02,460,202602,2026-02-21,2026-02-21 19:17:59.877054
1484,CUS-00485,DR. MARÍA DEL CARMEN NEVÁREZ,sandra44@yahoo.com,(184)462-6714x628,CÉDULA,3645126154,CORPORATIVO,Loja,Quito,2021-10-14,475,202602,2026-02-21,2026-02-21 19:17:59.877054
1485,CUS-00486,MARÍA ARACELI VELA CHAPA,dmontes@yahoo.com,1-143-598-9262,RUC,9093130175001,RETAIL,Guayas,Guayaquil,2024-07-06,890,202602,2026-02-21,2026-02-21 19:17:59.877054
1486,CUS-00487,MTRO. LEONEL MARTÍNEZ,marthamadrid@hotmail.com,1-660-931-4181,CÉDULA,1598684662,WEALTH,Manabí,Cuenca,2022-10-18,301,202602,2026-02-21,2026-02-21 19:17:59.877054
1487,CUS-00488,FELIX CAMILA ALVAREZ ESCAMILLA,gviera@gmail.com,(861)515-5423x40163,CÉDULA,6089546494,RETAIL,Azuay,Cuenca,2025-08-15,754,202602,2026-02-21,2026-02-21 19:17:59.877054
1488,CUS-00489,NORMA ONTIVEROS,ramiro99@yahoo.com,112-849-7185x948,PASAPORTE,P96962292,RETAIL,Azuay,Quito,2023-08-29,943,202602,2026-02-21,2026-02-21 19:17:59.877054
1489,CUS-00490,SR(A). FRIDA HURTADO,bianca71@yahoo.com,910-256-2588,RUC,5522776933001,RETAIL,Guayas,Cuenca,2023-08-26,575,202602,2026-02-21,2026-02-21 19:17:59.877054
1490,CUS-00491,ERNESTO LIRA,timoteo54@yahoo.com,679.240.8222x6940,CÉDULA,2427628486,CORPORATIVO,Loja,Manta,2025-01-06,797,202602,2026-02-21,2026-02-21 19:17:59.877054
1491,CUS-00492,ELVIRA CASILLAS,elena28@gmail.com,539.672.7578x44683,CÉDULA,6518570409,PYME,Guayas,Manta,2021-04-04,928,202602,2026-02-21,2026-02-21 19:17:59.877054
1492,CUS-00493,ANTONIA MARÍA CRISTINA DE LEÓN,zapatakarina@hotmail.com,(146)511-1312,CÉDULA,7708180983,RETAIL,Loja,Quito,2025-02-13,975,202602,2026-02-21,2026-02-21 19:17:59.877054
1493,CUS-00494,ASUNCIÓN MAYA,clara07@yahoo.com,1-014-870-6827x7881,CÉDULA,8654811827,WEALTH,Manabí,Manta,2023-07-11,327,202602,2026-02-21,2026-02-21 19:17:59.877054
1494,CUS-00495,ANDRÉS PAULINA TORRES LÓPEZ,lourdes66@hotmail.com,093-068-5389x097,CÉDULA,8730381297,CORPORATIVO,Loja,Guayaquil,2025-06-26,632,202602,2026-02-21,2026-02-21 19:17:59.877054
1495,CUS-00496,CRISTINA TEODORO DELGADO NÁJERA,vergarareina@gmail.com,(832)152-8506,CÉDULA,5764835111,CORPORATIVO,Guayas,Quito,2021-04-29,300,202602,2026-02-21,2026-02-21 19:17:59.877054
1496,CUS-00497,DR. CARLOS FERNÁNDEZ,estela87@hotmail.com,625.153.8144x744,CÉDULA,9611862264,WEALTH,Manabí,Quito,2021-12-11,487,202602,2026-02-21,2026-02-21 19:17:59.877054
1497,CUS-00498,EVA MIGUEL ALVAREZ,natividad42@hotmail.com,1-096-348-0797,CÉDULA,9578026567,RETAIL,Pichincha,Guayaquil,2024-07-20,355,202602,2026-02-21,2026-02-21 19:17:59.877054
1498,CUS-00499,PERLA RENATO NEGRETE ROBLES,guadalupecalderon@yahoo.com,+50(9)7545105265,PASAPORTE,P52160230,PYME,Azuay,Manta,2021-07-13,846,202602,2026-02-21,2026-02-21 19:17:59.877054
1499,CUS-00500,DR. SARA BRISEÑO,francisco-javiervaldivia@gmail.com,+16(7)3188261702,PASAPORTE,P49212756,RETAIL,Guayas,Manta,2024-04-08,411,202602,2026-02-21,2026-02-21 19:17:59.877054
